source,target,status
/collections/infrared-saunas,https://infinitesauna.com/,301
/collections/barrel-sauna,https://infinitesauna.com/,301
/collections/commercial-saunas,https://infinitesauna.com/,301
/collections/full-spectrum,https://infinitesauna.com/,301
/collections/traditional-saunas,https://infinitesauna.com/,301
/blogs/news/sauna-good-for-cold,https://infinitesauna.com/,301
/blogs/news/sauna-or-steam-room-first-the-best-order-for-detox-and-relaxation,https://infinitesauna.com/,301
/blogs/news/sauna-shower-combination-guide,https://infinitesauna.com/,301
/collections/hybrid-sauna,https://infinitesauna.com/,301
/collections/low-emf-saunas,https://infinitesauna.com/,301
/collections/outdoor-saunas,https://infinitesauna.com/,301
/collections/sauna-heater,https://infinitesauna.com/,301
/products/golden-designs-loviisa,https://infinitesauna.com/,301
/products/maxxus-mx-j206-01-zf,https://infinitesauna.com/,301
/products/sauna-backrests,https://infinitesauna.com/,301
/blogs/news,https://infinitesauna.com/,301
/blogs/news/2-person-infrared-saunas-for-home,https://infinitesauna.com/,301
/blogs/news/2-person-infrared-saunas-for-home/comments,https://infinitesauna.com/,301
/blogs/news/4-person-infrared-sauna-guide,https://infinitesauna.com/,301
/blogs/news/5-compelling-reasons-to-embrace-saunas-as-your-new-meditation,https://infinitesauna.com/,301
/blogs/news/5-stunning-sauna-layouts-to-inspire-your-next-escape,https://infinitesauna.com/,301
/blogs/news/5-stunning-sauna-layouts-to-inspire-your-next-escape/comments,https://infinitesauna.com/,301
/blogs/news/5-unforgettable-sauna-experiences-from-our-community,https://infinitesauna.com/,301
/blogs/news/5-unforgettable-sauna-experiences-from-our-community/comments,https://infinitesauna.com/,301
/blogs/news/7-daily-sauna-health-benefits-you-need-to-know,https://infinitesauna.com/,301
/blogs/news/ancient-sauna-healing-unearthing-timeless-practices,https://infinitesauna.com/,301
/blogs/news/are-saunas-more-effective-than-ice-baths-for-recovery,https://infinitesauna.com/,301
/blogs/news/barrel-sauna-guide,https://infinitesauna.com/,301
/blogs/news/benefits-of-a-60-minute-sauna-session-my-experience,https://infinitesauna.com/,301
/blogs/news/benefits-of-regular-sauna-use-for-health-and-wellness,https://infinitesauna.com/,301
/blogs/news/best-4-person-infrared-saunas,https://infinitesauna.com/,301
/blogs/news/best-4-person-infrared-saunas/comments,https://infinitesauna.com/,301
/blogs/news/best-health-custom-gpts,https://infinitesauna.com/,301
/blogs/news/best-hybrid-saunas,https://infinitesauna.com/,301
/blogs/news/best-hybrid-saunas/comments,https://infinitesauna.com/,301
/blogs/news/best-sauna-heaters,https://infinitesauna.com/,301
/blogs/news/best-temperature-infrared-sauna,https://infinitesauna.com/,301
/blogs/news/best-temperature-infrared-sauna/comments,https://infinitesauna.com/,301
/blogs/news/best-time-to-sauna,https://infinitesauna.com/,301
/blogs/news/boost-your-immune-system-just-20-minutes-in-a-sauna,https://infinitesauna.com/,301
/blogs/news/buy-premium-sauna-online,https://infinitesauna.com/,301
/blogs/news/can-infrared-saunas-help-reduce-signs-of-aging,https://infinitesauna.com/,301
/blogs/news/can-regular-sauna-use-extend-your-lifespan-heres-what-science-says,https://infinitesauna.com/,301
/blogs/news/can-regular-sauna-use-extend-your-lifespan-heres-what-science-says/comments,https://infinitesauna.com/,301
/blogs/news/can-saunas-naturally-enhance-your-immune-system,https://infinitesauna.com/,301
/blogs/news/carbon-vs-ceramic-infrared-sauna-heaters,https://infinitesauna.com/,301
/blogs/news/carbon-vs-ceramic-infrared-sauna-heaters/comments,https://infinitesauna.com/,301
/blogs/news/chromotherapy-in-infrared-saunas,https://infinitesauna.com/,301
/blogs/news/costco-sauna-barrel-review,https://infinitesauna.com/,301
/blogs/news/costco-sauna-barrel-review/comments,https://infinitesauna.com/,301
/blogs/news/daily-sauna-use-365-days-of-heat-and-health,https://infinitesauna.com/,301
/blogs/news/daily-sauna-use-365-days-of-heat-and-health/comments,https://infinitesauna.com/,301
/blogs/news/daily-sauna-use-benefits-and-risks-explored,https://infinitesauna.com/,301
/blogs/news/discover-finlands-hidden-gem-the-sauna-experience,https://infinitesauna.com/,301
/blogs/news/discover-the-hidden-benefits-of-regular-sauna-use,https://infinitesauna.com/,301
/blogs/news/discover-the-hidden-benefits-of-regular-sauna-use/comments,https://infinitesauna.com/,301
/blogs/news/do-infrared-saunas-pose-cancer-risk,https://infinitesauna.com/,301
/blogs/news/do-saunas-help-you-lose-weight-the-real-truth-uncovered,https://infinitesauna.com/,301
/blogs/news/do-saunas-really-help-you-burn-calories,https://infinitesauna.com/,301
/blogs/news/dry-heat-sauna-benefits,https://infinitesauna.com/,301
/blogs/news/effective-strategies-for-wellness-embrace-the-sauna-experience,https://infinitesauna.com/,301
/blogs/news/effective-strategies-for-wellness-embrace-the-sauna-experience/comments,https://infinitesauna.com/,301
/blogs/news/electric-vs-gas-sauna-heaters,https://infinitesauna.com/,301
/blogs/news/elevate-your-game-the-impact-of-saunas-on-athletic-performance,https://infinitesauna.com/,301
/blogs/news/elevate-your-game-the-impact-of-saunas-on-athletic-performance/comments,https://infinitesauna.com/,301
/blogs/news/enhancing-skin-health-the-benefits-of-sauna-use,https://infinitesauna.com/,301
/blogs/news/enhancing-skin-health-the-benefits-of-sauna-use/comments,https://infinitesauna.com/,301
/blogs/news/far-infrared-sauna-benefits,https://infinitesauna.com/,301
/blogs/news/from-fatigued-to-revitalized-my-sauna-journey,https://infinitesauna.com/,301
/blogs/news/from-fatigued-to-revitalized-my-sauna-journey/comments,https://infinitesauna.com/,301
/blogs/news/full-spectrum-infrared-sauna-benefits,https://infinitesauna.com/,301
/blogs/news/glass-sauna-guide,https://infinitesauna.com/,301
/blogs/news/global-sauna-rituals-5-unique-traditions-to-experience,https://infinitesauna.com/,301
/blogs/news/harvards-groundbreaking-findings-on-sauna-benefits,https://infinitesauna.com/,301
/blogs/news/harvards-groundbreaking-findings-on-sauna-benefits/comments,https://infinitesauna.com/,301
/blogs/news/harvia-sauna-heaters-guide,https://infinitesauna.com/,301
/blogs/news/himalayan-salt-for-sauna-benefits,https://infinitesauna.com/,301
/blogs/news/himalayan-salt-sauna-benefits,https://infinitesauna.com/,301
/blogs/news/himalayan-salt-sauna-benefits/comments,https://infinitesauna.com/,301
/blogs/news/host-a-memorable-sauna-party-tips-and-tricks,https://infinitesauna.com/,301
/blogs/news/host-a-memorable-sauna-party-tips-and-tricks/comments,https://infinitesauna.com/,301
/blogs/news/how-a-sauna-transformed-my-mental-health-journey,https://infinitesauna.com/,301
/blogs/news/how-long-should-you-stay-in-a-sauna,https://infinitesauna.com/,301
/blogs/news/how-saunas-boost-collagen-production-for-youthful-skin,https://infinitesauna.com/,301
/blogs/news/hybrid-saunas,https://infinitesauna.com/,301
/blogs/news/hybrid-saunas/comments,https://infinitesauna.com/,301
/blogs/news/indoor-traditional-sauna-guide,https://infinitesauna.com/,301
/blogs/news/infrared-sauna-benefits-evidence,https://infinitesauna.com/,301
/blogs/news/infrared-sauna-benefits-for-home,https://infinitesauna.com/,301
/blogs/news/infrared-sauna-dimensions-small-room,https://infinitesauna.com/,301
/blogs/news/infrared-sauna-lights-benefits,https://infinitesauna.com/,301
/blogs/news/infrared-sauna-lights-benefits/comments,https://infinitesauna.com/,301
/blogs/news/infrared-sauna-vs-conventional-benefits-differences-and-what-you-need-to-know,https://infinitesauna.com/,301
/blogs/news/infrared-sauna-vs-steam,https://infinitesauna.com/,301
/blogs/news/infrared-sauna-warranty-what-to-look-for,https://infinitesauna.com/,301
/blogs/news/infrared-vs-steam-sauna-comparison,https://infinitesauna.com/,301
/blogs/news/infrared-vs-traditional-saunas,https://infinitesauna.com/,301
/blogs/news/infrared-vs-traditional-saunas-safety-and-effectiveness-explored,https://infinitesauna.com/,301
/blogs/news/inside-billionaire-homes-why-they-love-saunas,https://infinitesauna.com/,301
/blogs/news/inside-billionaire-homes-why-they-love-saunas/comments,https://infinitesauna.com/,301
/blogs/news/is-sauna-use-safe-for-children-insights-and-guidelines,https://infinitesauna.com/,301
/blogs/news/is-your-sauna-secretly-harming-your-health,https://infinitesauna.com/,301
/blogs/news/japanese-heat-therapy-vs-finnish-saunas-a-comparative-analysis,https://infinitesauna.com/,301
/blogs/news/lighting-for-sauna-guide,https://infinitesauna.com/,301
/blogs/news/lighting-for-sauna-guide/comments,https://infinitesauna.com/,301
/blogs/news/lights-for-sauna,https://infinitesauna.com/,301
/blogs/news/lose-weight-in-a-sauna-the-10-pound-truth-uncovered,https://infinitesauna.com/,301
/blogs/news/lose-weight-in-a-sauna-the-10-pound-truth-uncovered/comments,https://infinitesauna.com/,301
/blogs/news/maximize-your-wellness-exploring-sauna-benefits-and-options,https://infinitesauna.com/,301
/blogs/news/maximize-your-wellness-the-benefits-of-infrared-saunas,https://infinitesauna.com/,301
/blogs/news/maximize-your-wellness-the-science-behind-sauna-benefits,https://infinitesauna.com/,301
/blogs/news/maxxus-2-person-sauna,https://infinitesauna.com/,301
/blogs/news/natural-gas-sauna-heater,https://infinitesauna.com/,301
/blogs/news/natural-gas-sauna-heater/comments,https://infinitesauna.com/,301
/blogs/news/natural-ways-to-lower-blood-pressure-the-sauna-solution,https://infinitesauna.com/,301
/blogs/news/near-infrared-sauna-benefits,https://infinitesauna.com/,301
/blogs/news/near-infrared-sauna-benefits/comments,https://infinitesauna.com/,301
/blogs/news/optimal-supplements-for-sauna-sessions,https://infinitesauna.com/,301
/blogs/news/optimal-times-for-sauna-use-unlocking-health-benefits,https://infinitesauna.com/,301
/blogs/news/outdoor-barrel-saunas,https://infinitesauna.com/,301
/blogs/news/outdoor-infrared-sauna-benefits,https://infinitesauna.com/,301
/blogs/news/outdoor-infrared-sauna-guide,https://infinitesauna.com/,301
/blogs/news/outdoor-wood-burning-sauna-guide,https://infinitesauna.com/,301
/blogs/news/propane-sauna-heater-guide,https://infinitesauna.com/,301
/blogs/news/red-light-therapy-vs-infrared-sauna,https://infinitesauna.com/,301
/blogs/news/revolutionizing-wellness-the-impact-of-infrared-saunas,https://infinitesauna.com/,301
/blogs/news/rock-heater-for-sauna,https://infinitesauna.com/,301
/blogs/news/salt-sauna-benefits,https://infinitesauna.com/,301
/blogs/news/salt-sauna-benefits/comments,https://infinitesauna.com/,301
/blogs/news/sauna-accessories-guide,https://infinitesauna.com/,301
/blogs/news/sauna-attire,https://infinitesauna.com/,301
/blogs/news/sauna-attire/comments,https://infinitesauna.com/,301
/blogs/news/sauna-before-or-after-exercise-workout,https://infinitesauna.com/,301
/blogs/news/sauna-before-or-after-massage,https://infinitesauna.com/,301
/blogs/news/sauna-before-or-after-massage/comments,https://infinitesauna.com/,301
/blogs/news/sauna-benefits-can-they-alleviate-stress-and-anxiety,https://infinitesauna.com/,301
/blogs/news/sauna-benefits-can-they-improve-your-sleep-quality,https://infinitesauna.com/,301
/blogs/news/sauna-benefits-can-they-improve-your-sleep-quality/comments,https://infinitesauna.com/,301
/blogs/news/sauna-benefits-for-skin-can-they-help-acne-and-more,https://infinitesauna.com/,301
/blogs/news/sauna-benefits-for-skin-can-they-help-acne-and-more/comments,https://infinitesauna.com/,301
/blogs/news/sauna-benefits-heart-disease-risk-reduction-explained,https://infinitesauna.com/,301
/blogs/news/sauna-benefits-heart-disease-risk-reduction-explained/comments,https://infinitesauna.com/,301
/blogs/news/sauna-bliss-the-ultimate-home-upgrade-for-wellness,https://infinitesauna.com/,301
/blogs/news/sauna-calorie-calculator,https://infinitesauna.com/,301
/blogs/news/sauna-designs-that-elevate-your-space-to-art,https://infinitesauna.com/,301
/blogs/news/sauna-detoxification-benefits-guide,https://infinitesauna.com/,301
/blogs/news/sauna-detoxification-benefits-guide/comments,https://infinitesauna.com/,301
/blogs/news/sauna-etiquette-headphones,https://infinitesauna.com/,301
/blogs/news/sauna-etiquette-headphones/comments,https://infinitesauna.com/,301
/blogs/news/sauna-good-for-sinus-infection,https://infinitesauna.com/,301
/blogs/news/sauna-in-garage,https://infinitesauna.com/,301
/blogs/news/sauna-in-master-bathroom-bedroom,https://infinitesauna.com/,301
/blogs/news/sauna-inside-house,https://infinitesauna.com/,301
/blogs/news/sauna-lighting-guide,https://infinitesauna.com/,301
/blogs/news/sauna-or-cold-plunge-which-recovery-method-reigns-supreme,https://infinitesauna.com/,301
/blogs/news/sauna-or-steam-room-first-the-best-order-for-detox-and-relaxation/comments,https://infinitesauna.com/,301
/blogs/news/sauna-safety-unveiling-the-potential-risks-and-benefits,https://infinitesauna.com/,301
/blogs/news/sauna-safety-unveiling-the-potential-risks-and-benefits/comments,https://infinitesauna.com/,301
/blogs/news/sauna-serenity-embracing-minimalism-for-maximum-wellness,https://infinitesauna.com/,301
/blogs/news/sauna-sessions-cut-stroke-risk-by-50-with-4-weekly-visits,https://infinitesauna.com/,301
/blogs/news/sauna-temperature-guide,https://infinitesauna.com/,301
/blogs/news/sauna-temperatures,https://infinitesauna.com/,301
/blogs/news/sauna-the-ultimate-luxury-status-symbol,https://infinitesauna.com/,301
/blogs/news/sauna-the-ultimate-luxury-status-symbol/comments,https://infinitesauna.com/,301
/blogs/news/sauna-therapy-a-revolutionary-approach-to-inflammation,https://infinitesauna.com/,301
/blogs/news/sauna-therapy-a-revolutionary-approach-to-inflammation/comments,https://infinitesauna.com/,301
/blogs/news/sauna-thermometer-guide,https://infinitesauna.com/,301
/blogs/news/sauna-thermometer-guide/comments,https://infinitesauna.com/,301
/blogs/news/sauna-types-guide,https://infinitesauna.com/,301
/blogs/news/sauna-types-guide/comments,https://infinitesauna.com/,301
/blogs/news/sauna-vs-hot-tub,https://infinitesauna.com/,301
/blogs/news/sauna-vs-hot-tub/comments,https://infinitesauna.com/,301
/blogs/news/sauna-vs-ice-bath-challenge-which-recovery-method-prevails,https://infinitesauna.com/,301
/blogs/news/sauna-vs-running-which-offers-better-health-benefits,https://infinitesauna.com/,301
/blogs/news/sauna-vs-running-which-offers-better-health-benefits/comments,https://infinitesauna.com/,301
/blogs/news/sauna-vs-steam-room-which-offers-better-health-benefits,https://infinitesauna.com/,301
/blogs/news/saunas-a-doctor-s-take-on-chronic-condition-relief,https://infinitesauna.com/,301
/blogs/news/saunas-a-doctor-s-take-on-chronic-condition-relief/comments,https://infinitesauna.com/,301
/blogs/news/saunas-a-natural-way-to-alleviate-stress-and-anxiety,https://infinitesauna.com/,301
/blogs/news/saunas-a-secret-weapon-in-celebrity-anti-aging-routines,https://infinitesauna.com/,301
/blogs/news/saunas-and-heart-health-the-cardiovascular-benefits-explored,https://infinitesauna.com/,301
/blogs/news/saunas-and-inflammation-a-path-to-relief,https://infinitesauna.com/,301
/blogs/news/saunas-and-their-impact-on-endurance-and-vo2-max,https://infinitesauna.com/,301
/blogs/news/saunas-hangover-relief,https://infinitesauna.com/,301
/blogs/news/saunas-the-hidden-anti-aging-strategy-you-need,https://infinitesauna.com/,301
/blogs/news/saunas-the-hidden-anti-aging-strategy-you-need/comments,https://infinitesauna.com/,301
/blogs/news/science-backed-benefits-of-saunas-for-longevity,https://infinitesauna.com/,301
/blogs/news/science-backed-benefits-of-saunas-for-longevity/comments,https://infinitesauna.com/,301
/blogs/news/showcase-your-sauna-ultimate-setup-guide-for-enthusiasts,https://infinitesauna.com/,301
/blogs/news/single-person-sauna-benefits,https://infinitesauna.com/,301
/blogs/news/tagged/2-person-infrared-sauna,https://infinitesauna.com/,301
/blogs/news/tagged/2024-sauna-guide,https://infinitesauna.com/,301
/blogs/news/tagged/4-person-infrared-sauna,https://infinitesauna.com/,301
/blogs/news/tagged/5,https://infinitesauna.com/,301
/blogs/news/tagged/a,https://infinitesauna.com/,301
/blogs/news/tagged/acne,https://infinitesauna.com/,301
/blogs/news/tagged/affordable-saunas,https://infinitesauna.com/,301
/blogs/news/tagged/aging,https://infinitesauna.com/,301
/blogs/news/tagged/ai-for-fitness,https://infinitesauna.com/,301
/blogs/news/tagged/alone,https://infinitesauna.com/,301
/blogs/news/tagged/ancient-practices,https://infinitesauna.com/,301
/blogs/news/tagged/and,https://infinitesauna.com/,301
/blogs/news/tagged/anti-aging,https://infinitesauna.com/,301
/blogs/news/tagged/anti-aging-sauna,https://infinitesauna.com/,301
/blogs/news/tagged/anti-aging-therapy,https://infinitesauna.com/,301
/blogs/news/tagged/anxiety-cure,https://infinitesauna.com/,301
/blogs/news/tagged/are,https://infinitesauna.com/,301
/blogs/news/tagged/art-saunas,https://infinitesauna.com/,301
/blogs/news/tagged/arthritis-relief,https://infinitesauna.com/,301
/blogs/news/tagged/at-home-sauna,https://infinitesauna.com/,301
/blogs/news/tagged/at-home-spa,https://infinitesauna.com/,301
/blogs/news/tagged/athlete,https://infinitesauna.com/,301
/blogs/news/tagged/athlete-recovery,https://infinitesauna.com/,301
/blogs/news/tagged/athletic-performance,https://infinitesauna.com/,301
/blogs/news/tagged/backyard-sauna,https://infinitesauna.com/,301
/blogs/news/tagged/barrel-sauna,https://infinitesauna.com/,301
/blogs/news/tagged/bath,https://infinitesauna.com/,301
/blogs/news/tagged/battle-recovery,https://infinitesauna.com/,301
/blogs/news/tagged/beauty-secrets,https://infinitesauna.com/,301
/blogs/news/tagged/became,https://infinitesauna.com/,301
/blogs/news/tagged/beginner,https://infinitesauna.com/,301
/blogs/news/tagged/behind,https://infinitesauna.com/,301
/blogs/news/tagged/benefits,https://infinitesauna.com/,301
/blogs/news/tagged/best,https://infinitesauna.com/,301
/blogs/news/tagged/best-commercial-infrared-sauna,https://infinitesauna.com/,301
/blogs/news/tagged/best-home-sauna,https://infinitesauna.com/,301
/blogs/news/tagged/best-infrared-sauna,https://infinitesauna.com/,301
/blogs/news/tagged/best-sauna-for-home,https://infinitesauna.com/,301
/blogs/news/tagged/best-sauna-heaters,https://infinitesauna.com/,301
/blogs/news/tagged/best-sauna-stoves,https://infinitesauna.com/,301
/blogs/news/tagged/best-sauna-temperature,https://infinitesauna.com/,301
/blogs/news/tagged/best-time-to-sauna,https://infinitesauna.com/,301
/blogs/news/tagged/better,https://infinitesauna.com/,301
/blogs/news/tagged/between,https://infinitesauna.com/,301
/blogs/news/tagged/billionaires,https://infinitesauna.com/,301
/blogs/news/tagged/biohacking,https://infinitesauna.com/,301
/blogs/news/tagged/body,https://infinitesauna.com/,301
/blogs/news/tagged/boost,https://infinitesauna.com/,301
/blogs/news/tagged/buy-sauna,https://infinitesauna.com/,301
/blogs/news/tagged/buy-sauna-online,https://infinitesauna.com/,301
/blogs/news/tagged/calorie-burning,https://infinitesauna.com/,301
/blogs/news/tagged/calories,https://infinitesauna.com/,301
/blogs/news/tagged/calories-burned-in-sauna,https://infinitesauna.com/,301
/blogs/news/tagged/can,https://infinitesauna.com/,301
/blogs/news/tagged/cancer-risk,https://infinitesauna.com/,301
/blogs/news/tagged/carbon-heater,https://infinitesauna.com/,301
/blogs/news/tagged/cardiovascular,https://infinitesauna.com/,301
/blogs/news/tagged/cardiovascular-benefits,https://infinitesauna.com/,301
/blogs/news/tagged/cardiovascular-health,https://infinitesauna.com/,301
/blogs/news/tagged/celebrity-wellness,https://infinitesauna.com/,301
/blogs/news/tagged/challenges,https://infinitesauna.com/,301
/blogs/news/tagged/children-health,https://infinitesauna.com/,301
/blogs/news/tagged/chromotherapy,https://infinitesauna.com/,301
/blogs/news/tagged/chromotherapy-light,https://infinitesauna.com/,301
/blogs/news/tagged/chromotherapy-sauna,https://infinitesauna.com/,301
/blogs/news/tagged/circulation,https://infinitesauna.com/,301
/blogs/news/tagged/clean-energy-sauna,https://infinitesauna.com/,301
/blogs/news/tagged/cold,https://infinitesauna.com/,301
/blogs/news/tagged/cold-exposure,https://infinitesauna.com/,301
/blogs/news/tagged/cold-recovery,https://infinitesauna.com/,301
/blogs/news/tagged/collagen,https://infinitesauna.com/,301
/blogs/news/tagged/come,https://infinitesauna.com/,301
/blogs/news/tagged/community,https://infinitesauna.com/,301
/blogs/news/tagged/compact-sauna,https://infinitesauna.com/,301
/blogs/news/tagged/compare,https://infinitesauna.com/,301
/blogs/news/tagged/costco-sauna,https://infinitesauna.com/,301
/blogs/news/tagged/cultural-traditions,https://infinitesauna.com/,301
/blogs/news/tagged/culture,https://infinitesauna.com/,301
/blogs/news/tagged/daily,https://infinitesauna.com/,301
/blogs/news/tagged/daily-routine,https://infinitesauna.com/,301
/blogs/news/tagged/day,https://infinitesauna.com/,301
/blogs/news/tagged/detox,https://infinitesauna.com/,301
/blogs/news/tagged/detox-heat-levels,https://infinitesauna.com/,301
/blogs/news/tagged/detox-sauna,https://infinitesauna.com/,301
/blogs/news/tagged/detoxification,https://infinitesauna.com/,301
/blogs/news/tagged/do-saunas-help-with-acne,https://infinitesauna.com/,301
/blogs/news/tagged/does,https://infinitesauna.com/,301
/blogs/news/tagged/dry-heat-sauna,https://infinitesauna.com/,301
/blogs/news/tagged/dynamic-infrared-sauna,https://infinitesauna.com/,301
/blogs/news/tagged/electric-sauna-heater,https://infinitesauna.com/,301
/blogs/news/tagged/electrolyte-balance,https://infinitesauna.com/,301
/blogs/news/tagged/emf-safe-sauna,https://infinitesauna.com/,301
/blogs/news/tagged/emotional-balance,https://infinitesauna.com/,301
/blogs/news/tagged/endurance-training,https://infinitesauna.com/,301
/blogs/news/tagged/energized,https://infinitesauna.com/,301
/blogs/news/tagged/entrepreneurs,https://infinitesauna.com/,301
/blogs/news/tagged/evening-sauna-use,https://infinitesauna.com/,301
/blogs/news/tagged/every,https://infinitesauna.com/,301
/blogs/news/tagged/family-sauna,https://infinitesauna.com/,301
/blogs/news/tagged/family-wellness,https://infinitesauna.com/,301
/blogs/news/tagged/favorite,https://infinitesauna.com/,301
/blogs/news/tagged/fiber-optic-lighting,https://infinitesauna.com/,301
/blogs/news/tagged/finnish,https://infinitesauna.com/,301
/blogs/news/tagged/finnish-sauna,https://infinitesauna.com/,301
/blogs/news/tagged/fitness,https://infinitesauna.com/,301
/blogs/news/tagged/fitness-facts,https://infinitesauna.com/,301
/blogs/news/tagged/free-custom-gpts,https://infinitesauna.com/,301
/blogs/news/tagged/from,https://infinitesauna.com/,301
/blogs/news/tagged/full-spectrum-infrared-sauna,https://infinitesauna.com/,301
/blogs/news/tagged/funniest,https://infinitesauna.com/,301
/blogs/news/tagged/garage-sauna-ideas,https://infinitesauna.com/,301
/blogs/news/tagged/garage-spa-retreat,https://infinitesauna.com/,301
/blogs/news/tagged/gas-sauna,https://infinitesauna.com/,301
/blogs/news/tagged/glass-home-spa,https://infinitesauna.com/,301
/blogs/news/tagged/glass-sauna,https://infinitesauna.com/,301
/blogs/news/tagged/glass-steam-sauna,https://infinitesauna.com/,301
/blogs/news/tagged/golden-designs,https://infinitesauna.com/,301
/blogs/news/tagged/gym,https://infinitesauna.com/,301
/blogs/news/tagged/gym-sauna,https://infinitesauna.com/,301
/blogs/news/tagged/hacks,https://infinitesauna.com/,301
/blogs/news/tagged/hair-tips-for-sauna-use,https://infinitesauna.com/,301
/blogs/news/tagged/halotherapy,https://infinitesauna.com/,301
/blogs/news/tagged/harvia-sauna-heater,https://infinitesauna.com/,301
/blogs/news/tagged/health,https://infinitesauna.com/,301
/blogs/news/tagged/health-benefits-of-sauna,https://infinitesauna.com/,301
/blogs/news/tagged/health-risks,https://infinitesauna.com/,301
/blogs/news/tagged/health-tips,https://infinitesauna.com/,301
/blogs/news/tagged/healthcare-gpt,https://infinitesauna.com/,301
/blogs/news/tagged/healthy-recipes-ai,https://infinitesauna.com/,301
/blogs/news/tagged/heat-therapy,https://infinitesauna.com/,301
/blogs/news/tagged/help,https://infinitesauna.com/,301
/blogs/news/tagged/high,https://infinitesauna.com/,301
/blogs/news/tagged/high-end-sauna,https://infinitesauna.com/,301
/blogs/news/tagged/holistic-health,https://infinitesauna.com/,301
/blogs/news/tagged/hollywood-wellness,https://infinitesauna.com/,301
/blogs/news/tagged/home-decor,https://infinitesauna.com/,301
/blogs/news/tagged/home-sauna,https://infinitesauna.com/,301
/blogs/news/tagged/home-sauna-guide,https://infinitesauna.com/,301
/blogs/news/tagged/home-sauna-installation,https://infinitesauna.com/,301
/blogs/news/tagged/home-sauna-investment,https://infinitesauna.com/,301
/blogs/news/tagged/home-sauna-tips,https://infinitesauna.com/,301
/blogs/news/tagged/home-saunas,https://infinitesauna.com/,301
/blogs/news/tagged/home-spa,https://infinitesauna.com/,301
/blogs/news/tagged/home-spa-ideas,https://infinitesauna.com/,301
/blogs/news/tagged/homes,https://infinitesauna.com/,301
/blogs/news/tagged/hosting-tips,https://infinitesauna.com/,301
/blogs/news/tagged/hot-therapy,https://infinitesauna.com/,301
/blogs/news/tagged/how,https://infinitesauna.com/,301
/blogs/news/tagged/how-long-in-sauna,https://infinitesauna.com/,301
/blogs/news/tagged/hybrid-sauna,https://infinitesauna.com/,301
/blogs/news/tagged/hypertension,https://infinitesauna.com/,301
/blogs/news/tagged/ice,https://infinitesauna.com/,301
/blogs/news/tagged/ice-bath,https://infinitesauna.com/,301
/blogs/news/tagged/immune-system,https://infinitesauna.com/,301
/blogs/news/tagged/improve,https://infinitesauna.com/,301
/blogs/news/tagged/in,https://infinitesauna.com/,301
/blogs/news/tagged/indoor-sauna,https://infinitesauna.com/,301
/blogs/news/tagged/indoor-sauna-installation,https://infinitesauna.com/,301
/blogs/news/tagged/indoor-saunas,https://infinitesauna.com/,301
/blogs/news/tagged/inflammation,https://infinitesauna.com/,301
/blogs/news/tagged/infrared,https://infinitesauna.com/,301
/blogs/news/tagged/infrared-benefits,https://infinitesauna.com/,301
/blogs/news/tagged/infrared-glass-sauna,https://infinitesauna.com/,301
/blogs/news/tagged/infrared-heat-therapy,https://infinitesauna.com/,301
/blogs/news/tagged/infrared-sauna,https://infinitesauna.com/,301
/blogs/news/tagged/infrared-sauna-benefits,https://infinitesauna.com/,301
/blogs/news/tagged/infrared-sauna-for-home,https://infinitesauna.com/,301
/blogs/news/tagged/infrared-sauna-for-skin,https://infinitesauna.com/,301
/blogs/news/tagged/infrared-sauna-garage,https://infinitesauna.com/,301
/blogs/news/tagged/infrared-sauna-reviews,https://infinitesauna.com/,301
/blogs/news/tagged/infrared-sauna-thermometer,https://infinitesauna.com/,301
/blogs/news/tagged/infrared-sauna-ventilation,https://infinitesauna.com/,301
/blogs/news/tagged/infrared-sauna-vs-steam-room,https://infinitesauna.com/,301
/blogs/news/tagged/infrared-saunas,https://infinitesauna.com/,301
/blogs/news/tagged/infrared-vs-traditional-sauna,https://infinitesauna.com/,301
/blogs/news/tagged/iphone-in-sauna,https://infinitesauna.com/,301
/blogs/news/tagged/is,https://infinitesauna.com/,301
/blogs/news/tagged/japanese-wellness,https://infinitesauna.com/,301
/blogs/news/tagged/joint-pain,https://infinitesauna.com/,301
/blogs/news/tagged/last,https://infinitesauna.com/,301
/blogs/news/tagged/less,https://infinitesauna.com/,301
/blogs/news/tagged/lifestyle,https://infinitesauna.com/,301
/blogs/news/tagged/lifestyle-change,https://infinitesauna.com/,301
/blogs/news/tagged/lighting-for-sauna,https://infinitesauna.com/,301
/blogs/news/tagged/lights-for-sauna,https://infinitesauna.com/,301
/blogs/news/tagged/link,https://infinitesauna.com/,301
/blogs/news/tagged/long,https://infinitesauna.com/,301
/blogs/news/tagged/longer,https://infinitesauna.com/,301
/blogs/news/tagged/longevity,https://infinitesauna.com/,301
/blogs/news/tagged/longevity-and-wellness-ai,https://infinitesauna.com/,301
/blogs/news/tagged/low-emf-infrared-sauna,https://infinitesauna.com/,301
/blogs/news/tagged/lower,https://infinitesauna.com/,301
/blogs/news/tagged/luxury-home,https://infinitesauna.com/,301
/blogs/news/tagged/luxury-home-upgrades,https://infinitesauna.com/,301
/blogs/news/tagged/luxury-saunas,https://infinitesauna.com/,301
/blogs/news/tagged/luxury-wellness,https://infinitesauna.com/,301
/blogs/news/tagged/mansion,https://infinitesauna.com/,301
/blogs/news/tagged/meditation-gpt,https://infinitesauna.com/,301
/blogs/news/tagged/mental-health,https://infinitesauna.com/,301
/blogs/news/tagged/minimalism,https://infinitesauna.com/,301
/blogs/news/tagged/mistakes,https://infinitesauna.com/,301
/blogs/news/tagged/my,https://infinitesauna.com/,301
/blogs/news/tagged/natural-gas-sauna-heater,https://infinitesauna.com/,301
/blogs/news/tagged/natural-health,https://infinitesauna.com/,301
/blogs/news/tagged/natural-remedies,https://infinitesauna.com/,301
/blogs/news/tagged/new,https://infinitesauna.com/,301
/blogs/news/tagged/of,https://infinitesauna.com/,301
/blogs/news/tagged/outdoor-infrared-sauna,https://infinitesauna.com/,301
/blogs/news/tagged/outdoor-sauna,https://infinitesauna.com/,301
/blogs/news/tagged/outdoor-sauna-heater,https://infinitesauna.com/,301
/blogs/news/tagged/outdoor-wood-burning-sauna,https://infinitesauna.com/,301
/blogs/news/tagged/pain-relief,https://infinitesauna.com/,301
/blogs/news/tagged/parenting-advice,https://infinitesauna.com/,301
/blogs/news/tagged/people,https://infinitesauna.com/,301
/blogs/news/tagged/performance,https://infinitesauna.com/,301
/blogs/news/tagged/performer,https://infinitesauna.com/,301
/blogs/news/tagged/personal-experience,https://infinitesauna.com/,301
/blogs/news/tagged/personal-growth,https://infinitesauna.com/,301
/blogs/news/tagged/playlists,https://infinitesauna.com/,301
/blogs/news/tagged/plunge,https://infinitesauna.com/,301
/blogs/news/tagged/pounds,https://infinitesauna.com/,301
/blogs/news/tagged/premium-outdoor-saunas,https://infinitesauna.com/,301
/blogs/news/tagged/premium-sauna,https://infinitesauna.com/,301
/blogs/news/tagged/premium-wellness,https://infinitesauna.com/,301
/blogs/news/tagged/productivity,https://infinitesauna.com/,301
/blogs/news/tagged/propane-sauna-heater,https://infinitesauna.com/,301
/blogs/news/tagged/proteins,https://infinitesauna.com/,301
/blogs/news/tagged/quitting-coffee,https://infinitesauna.com/,301
/blogs/news/tagged/radiant-skin,https://infinitesauna.com/,301
/blogs/news/tagged/reasons,https://infinitesauna.com/,301
/blogs/news/tagged/recovery,https://infinitesauna.com/,301
/blogs/news/tagged/recovery-methods,https://infinitesauna.com/,301
/blogs/news/tagged/reduce,https://infinitesauna.com/,301
/blogs/news/tagged/refuse,https://infinitesauna.com/,301
/blogs/news/tagged/relaxation,https://infinitesauna.com/,301
/blogs/news/tagged/relaxation-spaces,https://infinitesauna.com/,301
/blogs/news/tagged/relaxation-techniques,https://infinitesauna.com/,301
/blogs/news/tagged/replace,https://infinitesauna.com/,301
/blogs/news/tagged/risks,https://infinitesauna.com/,301
/blogs/news/tagged/rituals,https://infinitesauna.com/,301
/blogs/news/tagged/s,https://infinitesauna.com/,301
/blogs/news/tagged/salt-cave-therapy,https://infinitesauna.com/,301
/blogs/news/tagged/salt-sauna,https://infinitesauna.com/,301
/blogs/news/tagged/sauna,https://infinitesauna.com/,301
/blogs/news/tagged/sauna-ambiance,https://infinitesauna.com/,301
/blogs/news/tagged/sauna-benefits,https://infinitesauna.com/,301
/blogs/news/tagged/sauna-buying-guide,https://infinitesauna.com/,301
/blogs/news/tagged/sauna-comparison,https://infinitesauna.com/,301
/blogs/news/tagged/sauna-construction,https://infinitesauna.com/,301
/blogs/news/tagged/sauna-culture,https://infinitesauna.com/,301
/blogs/news/tagged/sauna-design,https://infinitesauna.com/,301
/blogs/news/tagged/sauna-designs,https://infinitesauna.com/,301
/blogs/news/tagged/sauna-detox,https://infinitesauna.com/,301
/blogs/news/tagged/sauna-duration,https://infinitesauna.com/,301
/blogs/news/tagged/sauna-emf,https://infinitesauna.com/,301
/blogs/news/tagged/sauna-energy-efficiency,https://infinitesauna.com/,301
/blogs/news/tagged/sauna-for-athletes,https://infinitesauna.com/,301
/blogs/news/tagged/sauna-for-energy,https://infinitesauna.com/,301
/blogs/news/tagged/sauna-for-one,https://infinitesauna.com/,301
/blogs/news/tagged/sauna-for-recovery,https://infinitesauna.com/,301
/blogs/news/tagged/sauna-friendly,https://infinitesauna.com/,301
/blogs/news/tagged/sauna-healing,https://infinitesauna.com/,301
/blogs/news/tagged/sauna-health,https://infinitesauna.com/,301
/blogs/news/tagged/sauna-health-benefits,https://infinitesauna.com/,301
/blogs/news/tagged/sauna-heater,https://infinitesauna.com/,301
/blogs/news/tagged/sauna-heater-manual,https://infinitesauna.com/,301
/blogs/news/tagged/sauna-heater-rocks,https://infinitesauna.com/,301
/blogs/news/tagged/sauna-heating-options,https://infinitesauna.com/,301
/blogs/news/tagged/sauna-history,https://infinitesauna.com/,301
/blogs/news/tagged/sauna-in-garage,https://infinitesauna.com/,301
/blogs/news/tagged/sauna-lifestyle,https://infinitesauna.com/,301
/blogs/news/tagged/sauna-or-steam-room-first,https://infinitesauna.com/,301
/blogs/news/tagged/sauna-party,https://infinitesauna.com/,301
/blogs/news/tagged/sauna-price-comparison,https://infinitesauna.com/,301
/blogs/news/tagged/sauna-recovery,https://infinitesauna.com/,301
/blogs/news/tagged/sauna-safety,https://infinitesauna.com/,301
/blogs/news/tagged/sauna-schedule,https://infinitesauna.com/,301
/blogs/news/tagged/sauna-science,https://infinitesauna.com/,301
/blogs/news/tagged/sauna-sessions,https://infinitesauna.com/,301
/blogs/news/tagged/sauna-skin-benefits,https://infinitesauna.com/,301
/blogs/news/tagged/sauna-stories,https://infinitesauna.com/,301
/blogs/news/tagged/sauna-therapy,https://infinitesauna.com/,301
/blogs/news/tagged/sauna-use,https://infinitesauna.com/,301
/blogs/news/tagged/saunas,https://infinitesauna.com/,301
/blogs/news/tagged/say,https://infinitesauna.com/,301
/blogs/news/tagged/scandinavians,https://infinitesauna.com/,301
/blogs/news/tagged/science,https://infinitesauna.com/,301
/blogs/news/tagged/sessions,https://infinitesauna.com/,301
/blogs/news/tagged/setups,https://infinitesauna.com/,301
/blogs/news/tagged/shock,https://infinitesauna.com/,301
/blogs/news/tagged/single-person-sauna,https://infinitesauna.com/,301
/blogs/news/tagged/sinus-congestion-treatment,https://infinitesauna.com/,301
/blogs/news/tagged/skin-health,https://infinitesauna.com/,301
/blogs/news/tagged/skin-health-ai,https://infinitesauna.com/,301
/blogs/news/tagged/skin-rejuvenation,https://infinitesauna.com/,301
/blogs/news/tagged/social-events,https://infinitesauna.com/,301
/blogs/news/tagged/sold,https://infinitesauna.com/,301
/blogs/news/tagged/spirituality,https://infinitesauna.com/,301
/blogs/news/tagged/sports-science,https://infinitesauna.com/,301
/blogs/news/tagged/stay,https://infinitesauna.com/,301
/blogs/news/tagged/steam-sauna,https://infinitesauna.com/,301
/blogs/news/tagged/stress-management,https://infinitesauna.com/,301
/blogs/news/tagged/stress-relief,https://infinitesauna.com/,301
/blogs/news/tagged/stroke-risk,https://infinitesauna.com/,301
/blogs/news/tagged/supplements,https://infinitesauna.com/,301
/blogs/news/tagged/swear,https://infinitesauna.com/,301
/blogs/news/tagged/than,https://infinitesauna.com/,301
/blogs/news/tagged/the,https://infinitesauna.com/,301
/blogs/news/tagged/there,https://infinitesauna.com/,301
/blogs/news/tagged/thermal-therapy,https://infinitesauna.com/,301
/blogs/news/tagged/time,https://infinitesauna.com/,301
/blogs/news/tagged/top,https://infinitesauna.com/,301
/blogs/news/tagged/traditional,https://infinitesauna.com/,301
/blogs/news/tagged/traditional-sauna-benefits,https://infinitesauna.com/,301
/blogs/news/tagged/traditional-vs-infrared-sauna,https://infinitesauna.com/,301
/blogs/news/tagged/travel-destinations,https://infinitesauna.com/,301
/blogs/news/tagged/tried,https://infinitesauna.com/,301
/blogs/news/tagged/turn,https://infinitesauna.com/,301
/blogs/news/tagged/use,https://infinitesauna.com/,301
/blogs/news/tagged/using,https://infinitesauna.com/,301
/blogs/news/tagged/vikings,https://infinitesauna.com/,301
/blogs/news/tagged/vo2-max,https://infinitesauna.com/,301
/blogs/news/tagged/vs,https://infinitesauna.com/,301
/blogs/news/tagged/weight-loss,https://infinitesauna.com/,301
/blogs/news/tagged/wellness-advice,https://infinitesauna.com/,301
/blogs/news/tagged/wellness-at-home,https://infinitesauna.com/,301
/blogs/news/tagged/wellness-benefits,https://infinitesauna.com/,301
/blogs/news/tagged/wellness-design,https://infinitesauna.com/,301
/blogs/news/tagged/wellness-gathering,https://infinitesauna.com/,301
/blogs/news/tagged/wellness-journey,https://infinitesauna.com/,301
/blogs/news/tagged/wellness-lighting,https://infinitesauna.com/,301
/blogs/news/tagged/wellness-practices,https://infinitesauna.com/,301
/blogs/news/tagged/wellness-risks,https://infinitesauna.com/,301
/blogs/news/tagged/wellness-routine,https://infinitesauna.com/,301
/blogs/news/tagged/wellness-sauna-trends,https://infinitesauna.com/,301
/blogs/news/tagged/wellness-technology,https://infinitesauna.com/,301
/blogs/news/tagged/wellness-tips,https://infinitesauna.com/,301
/blogs/news/tagged/wellness-trends,https://infinitesauna.com/,301
/blogs/news/tagged/wet-sauna,https://infinitesauna.com/,301
/blogs/news/tagged/what,https://infinitesauna.com/,301
/blogs/news/tagged/which,https://infinitesauna.com/,301
/blogs/news/tagged/why,https://infinitesauna.com/,301
/blogs/news/tagged/women-s-health-gpt,https://infinitesauna.com/,301
/blogs/news/tagged/wood-fired-sauna,https://infinitesauna.com/,301
/blogs/news/tagged/you,https://infinitesauna.com/,301
/blogs/news/tagged/your,https://infinitesauna.com/,301
/blogs/news/the-celebrity-sauna-routine-insights-and-benefits,https://infinitesauna.com/,301
/blogs/news/the-hidden-benefits-of-saunas-for-heart-wellness,https://infinitesauna.com/,301
/blogs/news/the-hidden-benefits-of-saunas-for-heart-wellness/comments,https://infinitesauna.com/,301
/blogs/news/the-hidden-dangers-of-gym-saunas-you-should-know,https://infinitesauna.com/,301
/blogs/news/the-hidden-dangers-of-gym-saunas-you-should-know/comments,https://infinitesauna.com/,301
/blogs/news/the-hilarious-side-of-sauna-culture-what-people-do,https://infinitesauna.com/,301
/blogs/news/the-impact-of-saunas-on-longevity-in-blue-zones,https://infinitesauna.com/,301
/blogs/news/the-rise-of-saunas-as-modern-social-hubs,https://infinitesauna.com/,301
/blogs/news/the-rising-allure-of-saunas-in-luxury-spa-culture,https://infinitesauna.com/,301
/blogs/news/the-sauna-experience-solo-or-social,https://infinitesauna.com/,301
/blogs/news/the-science-behind-infrared-saunas-health-benefits-explained,https://infinitesauna.com/,301
/blogs/news/the-science-of-hot-cold-therapy-unlocking-sauna-benefits,https://infinitesauna.com/,301
/blogs/news/the-science-of-hot-cold-therapy-unlocking-sauna-benefits/comments,https://infinitesauna.com/,301
/blogs/news/the-science-of-sauna-unlocking-the-secrets-to-longevity,https://infinitesauna.com/,301
/blogs/news/the-science-of-sauna-unlocking-the-secrets-to-longevity/comments,https://infinitesauna.com/,301
/blogs/news/the-science-of-saunas-unveiling-health-benefits-and-usage,https://infinitesauna.com/,301
/blogs/news/the-science-of-saunas-unveiling-health-benefits-and-usage/comments,https://infinitesauna.com/,301
/blogs/news/the-soul-soothing-benefits-of-sauna-rituals,https://infinitesauna.com/,301
/blogs/news/the-soul-soothing-benefits-of-sauna-rituals/comments,https://infinitesauna.com/,301
/blogs/news/the-therapeutic-benefits-of-infrared-saunas-you-need-to-know,https://infinitesauna.com/,301
/blogs/news/the-transformative-benefits-of-infrared-saunas-for-wellness,https://infinitesauna.com/,301
/blogs/news/the-ultimate-guide-to-choosing-the-perfect-sauna,https://infinitesauna.com/,301
/blogs/news/the-ultimate-guide-to-home-sauna-benefits-and-choices,https://infinitesauna.com/,301
/blogs/news/the-ultimate-guide-to-sauna-benefits-and-types,https://infinitesauna.com/,301
/blogs/news/the-ultimate-guide-to-sauna-benefits-and-types/comments,https://infinitesauna.com/,301
/blogs/news/the-unseen-risks-of-affordable-saunas,https://infinitesauna.com/,301
/blogs/news/the-worlds-most-stunning-luxury-saunas,https://infinitesauna.com/,301
/blogs/news/traditional-sauna-for-home,https://infinitesauna.com/,301
/blogs/news/traditional-sauna-for-home/comments,https://infinitesauna.com/,301
/blogs/news/transform-your-life-10-sauna-sessions-in-10-days-challenge,https://infinitesauna.com/,301
/blogs/news/unlocking-the-benefits-of-infrared-saunas-for-wellness,https://infinitesauna.com/,301
/blogs/news/unlocking-the-benefits-of-infrared-saunas-for-wellness-1,https://infinitesauna.com/,301
/blogs/news/unlocking-the-benefits-of-infrared-saunas-for-wellness/comments,https://infinitesauna.com/,301
/blogs/news/unlocking-the-power-of-heat-shock-proteins-in-saunas,https://infinitesauna.com/,301
/blogs/news/unlocking-the-secrets-of-effective-stress-management,https://infinitesauna.com/,301
/blogs/news/unlocking-the-secrets-of-effective-stress-management/comments,https://infinitesauna.com/,301
/blogs/news/unlocking-the-secrets-of-infrared-saunas-health-benefits-explored,https://infinitesauna.com/,301
/blogs/news/unlocking-the-secrets-of-infrared-saunas-health-benefits-explored/comments,https://infinitesauna.com/,301
/blogs/news/unlocking-the-true-benefits-of-saunas-beyond-detoxification,https://infinitesauna.com/,301
/blogs/news/unlocking-the-true-benefits-of-saunas-beyond-detoxification/comments,https://infinitesauna.com/,301
/blogs/news/upgrade-your-sauna-how-the-right-sauna-door-can-transform-your-experience,https://infinitesauna.com/,301
/blogs/news/url-handle-wood-burning-sauna-heater-guide,https://infinitesauna.com/,301
/blogs/news/url-handle-wood-burning-sauna-heater-guide/comments,https://infinitesauna.com/,301
/blogs/news/viking-sauna-rituals-the-secret-to-battle-recovery,https://infinitesauna.com/,301
/blogs/news/viking-sauna-rituals-the-secret-to-battle-recovery/comments,https://infinitesauna.com/,301
/blogs/news/wet-sauna-benefits-guide,https://infinitesauna.com/,301
/blogs/news/what-i-learned-after-quitting-coffee-for-sauna-therapy,https://infinitesauna.com/,301
/blogs/news/what-i-learned-after-quitting-coffee-for-sauna-therapy/comments,https://infinitesauna.com/,301
/blogs/news/what-you-need-to-know-before-buying-a-sauna,https://infinitesauna.com/,301
/blogs/news/why-athletes-swear-by-saunas-for-recovery,https://infinitesauna.com/,301
/blogs/news/why-biohackers-embrace-daily-sauna-rituals,https://infinitesauna.com/,301
/blogs/news/why-biohackers-embrace-daily-sauna-rituals/comments,https://infinitesauna.com/,301
/blogs/news/why-celebrities-use-saunas,https://infinitesauna.com/,301
/blogs/news/why-daily-sauna-rituals-are-essential-in-scandinavian-culture,https://infinitesauna.com/,301
/blogs/news/why-daily-sauna-rituals-are-essential-in-scandinavian-culture/comments,https://infinitesauna.com/,301
/blogs/news/why-entrepreneurs-are-embracing-the-power-of-saunas,https://infinitesauna.com/,301
/blogs/news/why-finnish-homes-typically-feature-built-in-saunas,https://infinitesauna.com/,301
/blogs/news/why-finnish-homes-typically-feature-built-in-saunas/comments,https://infinitesauna.com/,301
/blogs/news/why-high-performers-embrace-sauna-therapy-for-success,https://infinitesauna.com/,301
/blogs/news/why-i-gave-up-my-gym-membership-for-a-sauna,https://infinitesauna.com/,301
/blogs/news/why-sauna-enthusiasts-cant-travel-without-their-essential-heat,https://infinitesauna.com/,301
/blogs/news/why-sauna-enthusiasts-cant-travel-without-their-essential-heat/comments,https://infinitesauna.com/,301
/blogs/news/why-saunas-outshine-gyms-for-wellness-the-surprising-truth,https://infinitesauna.com/,301
/blogs/news/why-saunas-outshine-gyms-for-wellness-the-surprising-truth/comments,https://infinitesauna.com/,301
/blogs/news/will-a-sauna-help-acne,https://infinitesauna.com/,301
/blogs/news/wood-burning-sauna-benefits-guide,https://infinitesauna.com/,301
/blogs/news/wood-burning-sauna-stoves-buying-guide,https://infinitesauna.com/,301
/blogs/news/wood-burning-sauna-stoves-buying-guide/comments,https://infinitesauna.com/,301
/blogs/news/wood-for-sauna-guide,https://infinitesauna.com/,301
/blogs/news/worried-about-sauna-hair-damage-the-truth-you-need-to-know,https://infinitesauna.com/,301
/blogs/news/worried-about-sauna-hair-damage-the-truth-you-need-to-know/comments,https://infinitesauna.com/,301
/collections,https://infinitesauna.com/,301
/collections/all,https://infinitesauna.com/,301
/collections/all-saunas,https://infinitesauna.com/,301
/collections/avada-best-sellers,https://infinitesauna.com/,301
/collections/best-selling-products,https://infinitesauna.com/,301
/collections/cal-flame,https://infinitesauna.com/,301
/collections/cal-saunas,https://infinitesauna.com/,301
/collections/chimney-option,https://infinitesauna.com/,301
/collections/dundalk-leisurecraft,https://infinitesauna.com/,301
/collections/dynamic-cold,https://infinitesauna.com/,301
/collections/electric-saunas,https://infinitesauna.com/,301
/collections/fire-pits,https://infinitesauna.com/,301
/collections/float-tank-upgrades,https://infinitesauna.com/,301
/collections/frontpage,https://infinitesauna.com/,301
/collections/frozen,https://infinitesauna.com/,301
/collections/golden-designs-inc,https://infinitesauna.com/,301
/collections/heater-floor-plate,https://infinitesauna.com/,301
/collections/hot-tubs,https://infinitesauna.com/,301
/collections/huum,https://infinitesauna.com/,301
/collections/indoor-saunas,https://infinitesauna.com/,301
/collections/leisurecraft,https://infinitesauna.com/,301
/collections/leisurecraft-cold-plunge,https://infinitesauna.com/,301
/collections/massage-chairs,https://infinitesauna.com/,301
/collections/maxxus,https://infinitesauna.com/,301
/collections/modern-sauna-collection-stylish-high-tech-infrared-saunas,https://infinitesauna.com/,301
/collections/near-zero-emf,https://infinitesauna.com/,301
/collections/newest-products,https://infinitesauna.com/,301
/collections/portable-saunas,https://infinitesauna.com/,301
/collections/red-light-therapy,https://infinitesauna.com/,301
/collections/sauna-accessories,https://infinitesauna.com/,301
/collections/saunas,https://infinitesauna.com/,301
/collections/scandia-saunas,https://infinitesauna.com/,301
/collections/service-upgrades,https://infinitesauna.com/,301
/collections/ultra-low-emf,https://infinitesauna.com/,301
/collections/vendors,https://infinitesauna.com/,301
/contact,https://infinitesauna.com/,301
/customer_authentication/redirect,https://infinitesauna.com/,301
/localization,https://infinitesauna.com/,301
/models/mx-k306-01,https://infinitesauna.com/,301
/pages/about-us,https://infinitesauna.com/,301
/pages/affiliate-signup,https://infinitesauna.com/,301
/pages/cancellation-policy,https://infinitesauna.com/,301
/pages/data-sharing-opt-out,https://infinitesauna.com/,301
/pages/inhouse-sauna-guide,https://infinitesauna.com/,301
/pages/package-information,https://infinitesauna.com/,301
/pages/payment-billing-terms,https://infinitesauna.com/,301
/pages/privacy-policy,https://infinitesauna.com/,301
/pages/red-light-therapy,https://infinitesauna.com/,301
/pages/refund-return-policy,https://infinitesauna.com/,301
/pages/sauna-benefit-tracker,https://infinitesauna.com/,301
/pages/sauna-calculator,https://infinitesauna.com/,301
/pages/sauna-calorie-calculator,https://infinitesauna.com/,301
/pages/sauna-financing-payment-plans,https://infinitesauna.com/,301
/pages/sauna-quiz,https://infinitesauna.com/,301
/pages/terms-of-service,https://infinitesauna.com/,301
/pages/warranty-policy,https://infinitesauna.com/,301
/policies/terms-of-service,https://infinitesauna.com/,301
/products/black-asphalt-shingle-roof-includes-trim-copy,https://infinitesauna.com/,301
/products/bucket-ladle-set,https://infinitesauna.com/,301
/products/canadian-timber-harmony-barrel-sauna,https://infinitesauna.com/,301
/products/chimney-out-the-back-wall-copy,https://infinitesauna.com/,301
/products/chimney-out-the-top-copy,https://infinitesauna.com/,301
/products/chimney-out-the-top-with-water-tank-bsb214pwt,https://infinitesauna.com/,301
/products/chimney-out-the-top-with-water-tank-copy,https://infinitesauna.com/,301
/products/chimney-shields-elbow-bsb218-huum-heater-venting,https://infinitesauna.com/,301
/products/chimney-with-elbow-for-out-the-back-wall-copy,https://infinitesauna.com/,301
/products/commercial-485-sauna-premium-1-person-infrared-saunacommercial-485-sauna,https://infinitesauna.com/,301
/products/dundalk-chimney-heat-shield-set-out-the-top-bsb214b,https://infinitesauna.com/,301
/products/dynamic-lucca-elite,https://infinitesauna.com/,301
/products/dynamic-saunas-bergamo,https://infinitesauna.com/,301
/products/dynamic-saunas-cardoba,https://infinitesauna.com/,301
/products/dynamic-saunas-dyn-6215-05-lucca,https://infinitesauna.com/,301
/products/dynamic-saunas-dyn-6220-01-elite-vittoria,https://infinitesauna.com/,301
/products/dynamic-saunas-dyn-6315-05-toscana,https://infinitesauna.com/,301
/products/dynamic-saunas-dyn620903-fs,https://infinitesauna.com/,301
/products/dynamic-saunas-gracia-1-2-person-low-emf-far-infrared-saunadynamic-gracia-1-2-person-low-emf-far-infrared-sauna,https://infinitesauna.com/,301
/products/dynamic-saunas-gracia-new,https://infinitesauna.com/,301
/products/dynamic-saunas-heming,https://infinitesauna.com/,301
/products/dynamic-saunas-lugano,https://infinitesauna.com/,301
/products/dynamic-saunas-monaco,https://infinitesauna.com/,301
/products/dynamic-saunas-monaco-elite,https://infinitesauna.com/,301
/products/dynamic-saunas-monaco-puretech,https://infinitesauna.com/,301
/products/dynamic-saunas-santiago,https://infinitesauna.com/,301
/products/dynamic-saunas-venice-elite,https://infinitesauna.com/,301
/products/dynamic-saunas-versailles-elite-2-person-sauna,https://infinitesauna.com/,301
/products/dynamic-serena-elite,https://infinitesauna.com/,301
/products/golden-designs-andermatt,https://infinitesauna.com/,301
/products/golden-designs-arlberg,https://infinitesauna.com/,301
/products/golden-designs-arosa,https://infinitesauna.com/,301
/products/golden-designs-bergen,https://infinitesauna.com/,301
/products/golden-designs-copenhagen,https://infinitesauna.com/,301
/products/golden-designs-drammen,https://infinitesauna.com/,301
/products/golden-designs-engelberg,https://infinitesauna.com/,301
/products/golden-designs-gdi-8020-03,https://infinitesauna.com/,301
/products/golden-designs-kuusamo,https://infinitesauna.com/,301
/products/golden-designs-nora-2-person-hybrid-full-spectrum-sauna,https://infinitesauna.com/,301
/products/golden-designs-reserve,https://infinitesauna.com/,301
/products/golden-designs-savonlinna,https://infinitesauna.com/,301
/products/golden-designs-st-moritz,https://infinitesauna.com/,301
/products/golden-designs-toledo-hybrid,https://infinitesauna.com/,301
/products/golden-designs-visby,https://infinitesauna.com/,301
/products/himalayan-salt-wall-panels,https://infinitesauna.com/,301
/products/huum-hive-wood-17kw-sauna-stove,https://infinitesauna.com/,301
/products/leisurecraft-flat-floor-plate-sb215,https://infinitesauna.com/,301
/products/maxxus-alpine,https://infinitesauna.com/,301
/products/maxxus-aspen-dual-tech-mx-j206-02s,https://infinitesauna.com/,301
/products/maxxus-bellevue,https://infinitesauna.com/,301
/products/maxxus-bellevue-mx-j306-01-zf,https://infinitesauna.com/,301
/products/maxxus-elite-4-person-near-zero-emf-far-infrared-sauna-canadian-red-cedar,https://infinitesauna.com/,301
/products/maxxus-k356-01-corner,https://infinitesauna.com/,301
/products/maxxus-mx-k206-01,https://infinitesauna.com/,301
/products/maxxus-mx-k306-01-2,https://infinitesauna.com/,301
/products/maxxus-mx-k306-01-zf,https://infinitesauna.com/,301
/products/maxxus-mx-k356,https://infinitesauna.com/,301
/products/maxxus-mx-k406-01-ced,https://infinitesauna.com/,301
/products/maxxus-mx-m206,https://infinitesauna.com/,301
/products/maxxus-mx-m306,https://infinitesauna.com/,301
/products/maxxus-mxk40601,https://infinitesauna.com/,301
/products/maxxus-s-line-mx-s306-01-3-person-sauna,https://infinitesauna.com/,301
/products/maxxus-seattle,https://infinitesauna.com/,301
/products/medical-4-infrared-sauna-doctor-designed-2-person-home-sauna-medical-4-infrared-sauna,https://infinitesauna.com/,301
/products/medical-5-ultra-full-spectrum-sauna-1-person-infrared-sauna-for-wellnessmedical-5-ultra-full-spectrum-sauna,https://infinitesauna.com/,301
/products/medical-6-infrared-sauna-4-person-doctor-designed-wellness-solutionmedical-6-infrared-sauna-4-person,https://infinitesauna.com/,301
/products/medical-6-sauna-luxury-4-person-infrared-sauna-with-full-spectrum-heatingmedical-6-infrared-sauna-4-person,https://infinitesauna.com/,301
/products/medical-7-plus-infrared-sauna-4-6-person-full-spectrum-wellness-solutionmedical-7-plus-infrared-sauna-4-6-person-full-spectrum,https://infinitesauna.com/,301
/products/medical-8-plus-v2-ultra-full-spectrum-sauna-6-person-infrared-hot-yoga-saun-medical-8-plus-v2-ultra-full-spectrum-sauna,https://infinitesauna.com/,301
/products/medical-saunas-commercial-spa-487,https://infinitesauna.com/,301
/products/medical-saunas-commercial-spa-488,https://infinitesauna.com/,301
/products/medical-saunas-commercial-spa-489,https://infinitesauna.com/,301
/products/medical-saunas-nature-8-plus,https://infinitesauna.com/,301
/products/metal710b-black-metal-roof,https://infinitesauna.com/,301
/products/mw12-thermowood%C2%AE-outdoor-sauna-2-3-person,https://infinitesauna.com/,301
/products/mw16-thermowood%C2%AE-outdoor-sauna-spacious-4-person-retreat,https://infinitesauna.com/,301
/products/mw20-thermowood%C2%AE-outdoor-sauna-spacious-luxury-for-5-6-people,https://infinitesauna.com/,301
/products/narvi-kuru-14-wood-burning-sauna-heater,https://infinitesauna.com/,301
/products/narvi-nc-black-wood-burning-heater,https://infinitesauna.com/,301
/products/nature-8-plus-medical-sauna-4-6-person-hybrid-sauna-with-full-spectrum-infrared-steam-technologynature-8-plus-medical-sauna,https://infinitesauna.com/,301
/products/organic-sauna-wood-oil,https://infinitesauna.com/,301
/products/precut-diy-8x9-ultra-sauna-kit-premium-spanish-cedar-black-or-ivory-white-finish-precut-diy-8x9-ultra-sauna-kit,https://infinitesauna.com/,301
/products/premium-installation-assembly-service-infinite-sauna,https://infinitesauna.com/,301
/products/red-light-panels,https://infinitesauna.com/,301
/products/sauna-assembly-service,https://infinitesauna.com/,301
/products/sauna-chimney-heat-shield-back-wall-stainless-steel,https://infinitesauna.com/,301
/products/sauna-flooring-tru-tile-pvc-interlocking-tiles,https://infinitesauna.com/,301
/products/scandia-40k-btu-gas-sauna-heater-natural-gas,https://infinitesauna.com/,301
/products/scandia-80k-btu-gas-sauna-heater,https://infinitesauna.com/,301
/products/scandia-80k-btu-gas-sauna-heater-liquid-propane,https://infinitesauna.com/,301
/products/scandia-electric-barrel-sauna-kit-6w-x-8d-x-6h-accommodates-4-people-scandia-electric-barrel-sauna-kit-6x8x6,https://infinitesauna.com/,301
/products/scandia-electric-ultra-sauna-heater-large-12-0kw,https://infinitesauna.com/,301
/products/scandia-electric-ultra-sauna-heater-medium-6-0kw,https://infinitesauna.com/,301
/products/scandia-electric-ultra-sauna-heater-medium-7-5kw,https://infinitesauna.com/,301
/products/traditional-5-sauna-2-person-3d-heat-therapy-natural-canadian-hemlocktraditional-5-sauna-2-person-hemlock-3d-heat-therapy,https://infinitesauna.com/,301
/products/traditional-9-plus-medical-sauna-6-person-capacity-by-medical-saunas-traditional-9-plus-medical-sauna-6-person,https://infinitesauna.com/,301
/products/white-glove-service-sauna-delivery-setup,https://infinitesauna.com/,301
/products/wooden-thermometer-hygrometer,https://infinitesauna.com/,301
/tagged/cardiovascular-benefits,https://infinitesauna.com/,301
