model_key,brand,model,title,price,reference_price,type,placement,capacity,voltage,amperage,plug,emf,spectrum,red_light,ir_wattage,heater,heater_kw,max_temp,exterior_dimensions,interior_dimensions,wood,weight,warranty,inhouse_url,retailer_count,retailers
1-042-541-ahkip80pkg-ledbarlc,Almost Heaven Saunas,1-042-541|AHKIP80PKG|LEDBARLC,Patterson 6 Person Indoor Sauna,9627.0,13197.0,Traditional,Indoor,6,,,,,,,,Harvia 8kW electric heater heats to 180ºF in an hour or can be delayed up to eight hou,8 kW,,,,,,,,1,Almost Heaven Direct
1-042-542-ahkip80pkg-ledbarlc,Almost Heaven Saunas,1-042-542|AHKIP80PKG|LEDBARLC,Worthington 4-6 Person Indoor Sauna,7415.0,10985.0,Traditional,Indoor,6,,,,,,,,,,,,,Spruce,,,,1,Almost Heaven Direct
1-044-208-ahkip60pkgus-ledbarsc,Almost Heaven Saunas,1-044-208|AHKIP60PKGUS|LEDBARSC,Hillsboro 2 Person Indoor Sauna,5299.0,6298.0,Traditional,Indoor,2,,,,,,,,Harvia 6kW electric heater with an instant or delayed start (up to eight hours),6 kW,,,,Spruce,,,,1,Almost Heaven Direct
4020741-ahkip60pkgus-ledbarsc,Almost Heaven Saunas,4020741|AHKIP60PKGUS|LEDBARSC,Sutton 2-person Indoor Sauna,5017.0,7238.0,Traditional,Indoor,2,,,,,,,,Harvia 6kW heater heats to 185ºF in an hour or with a delayed start up to eight hours,6 kW,,,,,,,,1,Almost Heaven Direct
4020830-ahvrt9pkg,Almost Heaven Saunas,4020830|AHVRT9PKG,Olympus 6 Person Sauna,16341.0,16341.0,Traditional,Indoor,6,,,,,,,,Harvia Virta Heater with Xenio WiFi control—free with purchase,9 kW,,,,Spruce,,,,1,Almost Heaven Direct
4021208-ahkip80pkg-ledkitsc,Almost Heaven Saunas,4021208|AHKIP80PKG|LEDKITSC,Takoa Half Moon Classic Barrel Sauna — Harvia Collection,15273.0,18843.0,Traditional,Outdoor,6,,,,,,,,Harvia Collection,8 kW,,,,,,,,1,Almost Heaven Direct
4021209-ahkip80pkg-ledkitsc,Almost Heaven Saunas,4021209|AHKIP80PKG|LEDKITSC,Magnus 6 Person Canopy Barrel Sauna — Harvia Collection,16558.0,20128.0,Traditional,Outdoor,6,,,,,,,,Harvia Collection,8 kW,,,,,,,,1,Almost Heaven Direct
4021210-ahkip80pkg-ledkitsc,Almost Heaven Saunas,4021210|AHKIP80PKG|LEDKITSC,Evander Half-Moon Canopy Barrel Sauna — Harvia Collection,17653.0,21223.0,Traditional,Outdoor,6,,,,,,,,Harvia Collection,,,,,,,,,1,Almost Heaven Direct
4021217-ahkip80pkg-ledkitsc,Almost Heaven Saunas,4021217|AHKIP80PKG|LEDKITSC,Kuuma 4-6 Person Classic Barrel Sauna — Harvia Collection,14132.0,17702.0,Traditional,Outdoor,6,,,,,,,,Harvia Collection,8 kW,,,,,,,,1,Almost Heaven Direct
ahauburnru-clrindlrg-ahkip60pkgus-ledkitlc,Almost Heaven Saunas,AHAUBURNRU|CLRINDLRG|AHKIP60PKGUS|LEDKITLC,Auburn 2-3 Person Indoor Sauna,4577.0,9127.0,Traditional,Indoor,3,,,,,,,,Harvia 6kW heater reaches 180ºF in an hour or can be delayed up to eight hours,6 kW,,,,,,,,1,Almost Heaven Direct
ahbpt6pru-clrindlrg-ahkip80pkg-ledkitlc,Almost Heaven Saunas,AHBPT6PRU|CLRINDLRG|AHKIP80PKG|LEDKITLC,Bridgeport 6 Person Indoor Sauna,7624.0,13685.0,Traditional,Indoor,6,,,,,,,,Harvia 8kW heater heats to 180ºF within an hour or with a delayed start up to eight ho,8 kW,,,,,,,,1,Almost Heaven Direct
ahbrl64ru-clrdoorsml-nowindow-ahkip60pkgus-ledkitsc,Almost Heaven Saunas,AHBRL64RU|CLRDOORSML|NOWINDOW|AHKIP60PKGUS|LEDKITSC,Salem 2 Person Barrel Sauna,4036.5,7684.0,Traditional,Outdoor,2,,,,,,,,,,,,,,,,,1,Almost Heaven Direct
ahbrl64ru-clrdoorsml-nowindow-jh60w2401-cx170-u1-15-xw-fx001xw-ac3000-ledkitsc,Almost Heaven Saunas,AHBRL64RU|CLRDOORSML|NOWINDOW|JH60W2401|CX170-U1-15-XW|FX001XW|AC3000|LEDKITSC,Salem 2 Person Barrel Sauna Kit,5484.0,5484.0,Traditional,Outdoor,2,,,,,,,,Harvia 2 app,6 kW,Up to 194°F,,,,,,,1,Almost Heaven Direct
ahbrl65ru-clrdoorsml-nowindow-ahkip60pkgus-ledkitsc,Almost Heaven Saunas,AHBRL65RU|CLRDOORSML|NOWINDOW|AHKIP60PKGUS|LEDKITSC,Watoga 2-4 Person Barrel Sauna,5184.0,8459.0,Traditional,Outdoor,4,,,,,,,,,,,,,,,,,1,Almost Heaven Direct
ahbrl65ru-clrdoorsml-nowindow-jh60w2401-cx170-u1-15-xw-fx001xw-ac3000-ledkitsc,Almost Heaven Saunas,AHBRL65RU|CLRDOORSML|NOWINDOW|JH60W2401|CX170-U1-15-XW|FX001XW|AC3000|LEDKITSC,Watoga 2-4 Person Barrel Sauna Kit,6183.0,6183.0,Traditional,Outdoor,4,,,,,,,,Harvia 2 app,6 kW,Up to 194°F,,,,,,,1,Almost Heaven Direct
ahbrl66ru-clrdoorsml-nowindow-ahkip60pkgus-ledkitsc,Almost Heaven Saunas,AHBRL66RU|CLRDOORSML|NOWINDOW|AHKIP60PKGUS|LEDKITSC,Pinnacle 4 Person Barrel Sauna,5302.5,11774.0,Traditional,Outdoor,4,,,,,,,,,,,,,,,,,1,Almost Heaven Direct
ahbrl68ru-clrdoorsml-nowindow-ahkip80pkg-ledkitsc,Almost Heaven Saunas,AHBRL68RU|CLRDOORSML|NOWINDOW|AHKIP80PKG|LEDKITSC,Princeton 6 Person Barrel Sauna,8932.0,14040.0,Traditional,Outdoor,6,,,,,,,,Harvia 8kW heater heats to 180ºF in an hour with a delayed start option up to eight ho,8 kW,,,,,,,,1,Almost Heaven Direct
ahbrl76ru-clrbrllrg-nowindow-ahkip80pkg-ledkitsc,Almost Heaven Saunas,AHBRL76RU|CLRBRLLRG|NOWINDOW|AHKIP80PKG|LEDKITSC,Essex 4 Person Barrel Sauna,8548.0,13440.0,Traditional,Outdoor,4,,,,,,,,,8 kW,,,,,,,,1,Almost Heaven Direct
ahbrl77ru-clrbrllrg-nowindow-ahkip80pkg-ledkitsc,Almost Heaven Saunas,AHBRL77RU|CLRBRLLRG|NOWINDOW|AHKIP80PKG|LEDKITSC,Seneca 6 Person Barrel Sauna,8844.0,13895.0,Traditional,Outdoor,6,,,,,,,,,,,,,,,,,1,Almost Heaven Direct
ahbrl78ru-clrbrllrg-nowindow-ahkip80pkg-ledkitsc,Almost Heaven Saunas,AHBRL78RU|CLRBRLLRG|NOWINDOW|AHKIP80PKG|LEDKITSC,Lewisburg 6-8 Person Barrel Sauna,6358.1,14208.0,Traditional,Outdoor,8,,,,,,,,"Harvia 8kW electric heater, which heats to 180ºF for a steamy, relaxing session",8 kW,,,,,,,,1,Almost Heaven Direct
ahcpy62ru-clrdoorsml-nowindow-ahkip60pkgus-ledkitsc,Almost Heaven Saunas,AHCPY62RU|CLRDOORSML|NOWINDOW|AHKIP60PKGUS|LEDKITSC,Charleston 4 Person Canopy Barrel Sauna,8932.0,13326.0,Traditional,Outdoor,4,,,,,,,,Harvia 6kW heater heat to 175-185ºF,6 kW,,,,,,,,1,Almost Heaven Direct
ahcpy65ru-clrdoorsml-nowindow-ahkip60pkgus-ledkitsc,Almost Heaven Saunas,AHCPY65RU|CLRDOORSML|NOWINDOW|AHKIP60PKGUS|LEDKITSC,Vienna 2 Person Canopy Barrel Sauna,5184.0,10128.0,Traditional,Outdoor,2,,,,,,,,Harvia 6kW heater,6 kW,,,,,,,,1,Almost Heaven Direct
ahcpy66ru-clrdoorsml-nowindow-ahkip60pkgus-ledkitsc,Almost Heaven Saunas,AHCPY66RU|CLRDOORSML|NOWINDOW|AHKIP60PKGUS|LEDKITSC,Audra 2-4 Person Canopy Barrel Sauna,6060.0,11139.0,Traditional,Outdoor,4,,,,,,,,,,,,,,,,,1,Almost Heaven Direct
ahcpy68ru-clrdoorsml-nowindow-ahkip80pkg-ledkitsc,Almost Heaven Saunas,AHCPY68RU|CLRDOORSML|NOWINDOW|AHKIP80PKG|LEDKITSC,Huntington 4-6 Person Canopy Barrel Sauna,6252.4,14040.0,Traditional,Outdoor,6,,,,,,,,,,,,,,,,,1,Almost Heaven Direct
ahcpy78ru-clrbrllrg-nowindow-ahkip80pkg-ledkitsc,Almost Heaven Saunas,AHCPY78RU|CLRBRLLRG|NOWINDOW|AHKIP80PKG|LEDKITSC,Grandview 4-6 Person Canopy Barrel Sauna,6358.1,14208.0,Traditional,Outdoor,6,,,,,,,,,,,,,,,,,1,Almost Heaven Direct
ahcubebwru-hl9u1-fx45-u1-u3-xc-ac3020-ac3020-ac3020-ledkitlc,Almost Heaven Saunas,AHCUBEBWRU|HL9U1|FX45-U1-U3-XC|AC3020|AC3020|AC3020|LEDKITLC,BlackWater 4 Person Cube Sauna,9859.5,15399.0,Traditional,Outdoor,4,,,,,,,,,,,,,Cedar,,,,1,Almost Heaven Direct
ahcubeminiru-ahkip60pkgus-ledkitsc,Almost Heaven Saunas,AHCUBEMINIRU|AHKIP60PKGUS|LEDKITSC,NEW Blackwater 1-2 Person Mini-Cube Sauna,5877.9,12286.0,Traditional,Indoor,2,,,,,,,,,,,,,Cedar,,,,1,Almost Heaven Direct
ahgsn4pru-clrindlrg-ahkip80pkg-ledkitlc,Almost Heaven Saunas,AHGSN4PRU|CLRINDLRG|AHKIP80PKG|LEDKITLC,Grayson 4 Person Indoor Sauna,5804.0,13595.0,Traditional,Indoor,4,,,,,,,,Harvia 8kW heater heats in an hour or with a delayed start up to eight hours,8 kW,,,,,,,,1,Almost Heaven Direct
ahirhinru-ledkitlc,Almost Heaven Saunas,AHIRHINRU|LEDKITLC,NEW Hinton 2-3 Person Infrared Sauna,6840.0,6840.0,Infrared,Indoor,3,,,,,Far Infrared,,,,,,,,,,,,1,Almost Heaven Direct
ahirlauru-ledkitlc,Almost Heaven Saunas,AHIRLAURU|LEDKITLC,NEW Laurel 1 Person Infrared Sauna,5999.99,5999.99,Infrared,Indoor,1,,,,,Far Infrared,,,,,,,,,,,,1,Almost Heaven Direct
ahlgn1pru-clrindlrg-ahkip60pkgus-ledkitsc,Almost Heaven Saunas,AHLGN1PRU|CLRINDLRG|AHKIP60PKGUS|LEDKITSC,Logan 1 Person Indoor Sauna,4172.0,7307.0,Traditional,Indoor,1,,,,,,,,Harvia 6kW heater in an hour or on a delayed start up to eight hours,6 kW,,,,,,,,1,Almost Heaven Direct
ahmad2pru-clrindlrg-ahkip60pkgus-ledkitlc,Almost Heaven Saunas,AHMAD2PRU|CLRINDLRG|AHKIP60PKGUS|LEDKITLC,Madison 2-3 Person Indoor Sauna,5160.0,12749.0,Hybrid,Indoor,3,,,,,Infrared,,,Harvia 6kW heater heats to 180ºF in an hour or can be delayed up to eight hours,6 kW,,,,,,,,1,Almost Heaven Direct
ahoasis4pru-ahkip80pkg-ledkitlc,Almost Heaven Saunas,AHOASIS4PRU|AHKIP80PKG|LEDKITLC,Oasis 4 Person Indoor Sauna,7806.0,13676.0,Traditional,Indoor,4,,,,,,,,,,,,,Canadian Hemlock / Cedar,,,,1,Almost Heaven Direct
ahrain4pru-clrindlrg-ahkip60pkgus-ledkitlc,Almost Heaven Saunas,AHRAIN4PRU|CLRINDLRG|AHKIP60PKGUS|LEDKITLC,Rainelle 4 Person Indoor Sauna,7324.0,13574.0,Hybrid,Indoor,4,,,,,Infrared,,,Harvia 8kW heater heats to 180ºF in an hour with an instant or delayed start (up to ei,8 kW,,,,,,,,1,Almost Heaven Direct
ahserena3pru-ahkip60pkgus-ledkitlc,Almost Heaven Saunas,AHSERENA3PRU|AHKIP60PKGUS|LEDKITLC,Serena 3 Person Indoor Sauna,4725.0,9120.0,Traditional,Indoor,3,,,,,,,,,,,,,Canadian Hemlock / Cedar,,,,1,Almost Heaven Direct
ahshn712ru-clrbrllrg-nowindow-ahkip80pkg-ledkitsc,Almost Heaven Saunas,AHSHN712RU|CLRBRLLRG|NOWINDOW|AHKIP80PKG|LEDKITSC,Shenandoah 4 Person Barrel Sauna,10650.0,18456.0,Traditional,Outdoor,4,,,,,,,,,,,,,,,,,1,Almost Heaven Direct
ahspect2pru-ahkip60pkgus-ledkitsc,Almost Heaven Saunas,AHSPECT2PRU|AHKIP60PKGUS|LEDKITSC,Spectacle 2 Person Indoor Sauna,4658.0,8888.0,Traditional,Indoor,2,,,,,,,,,,,,,Canadian Hemlock / Cedar,,,,1,Almost Heaven Direct
ahtitan6pru-ahkip80pkg-ledkitlc,Almost Heaven Saunas,AHTITAN6PRU|AHKIP80PKG|LEDKITLC,Titan 6 Person Indoor Sauna,8176.0,12430.0,Traditional,Indoor,6,,,,,,,,,,,,,Canadian Hemlock / Cedar,,,,1,Almost Heaven Direct
alp-m-p-dgr-hl11u1-fx45-u1-u3-xc-ac3020-ac3020-ac3020-ac3020-ledbarlc,Almost Heaven Saunas,ALP-M-P-DGR|HL11U1|FX45-U1-U3-XC|AC3020|AC3020|AC3020|AC3020|LEDBARLC,Alpina Outdoor Sauna — Harvia Collection,39735.0,50565.0,Traditional,Outdoor,,,,,,,,,Harvia Collection,,,,,,,,,1,Almost Heaven Direct
balance-v-s-ahkip80pkg-ledbarsc,Almost Heaven Saunas,BALANCE-V-S|AHKIP80PKG|LEDBARSC,Everwood Indoor Sauna — Harvia Collection,11088.0,15133.0,Traditional,Indoor,,,,,,,,,Harvia Collection,,,,,,,,,1,Almost Heaven Direct
basic-l-ahkip80pkg-ledbarlc,Almost Heaven Saunas,BASIC-L|AHKIP80PKG|LEDBARLC,Tyrol Indoor Sauna — Harvia Collection,8704.0,13001.0,Traditional,Indoor,,,,,,,,,Harvia Collection,,,,,,,,,1,Almost Heaven Direct
country-hl11u1-fx45-u1-u3-xc-ac3020-ac3020-ac3020-ac3020-ledbarlc,Almost Heaven Saunas,Country|HL11U1|FX45-U1-U3-XC|AC3020|AC3020|AC3020|AC3020|LEDBARLC,Saddle Mountain Outdoor Sauna — Harvia Collection,19652.0,21081.0,Traditional,Outdoor,,,,,,,,,Harvia Collection,10.5 kW,,,,Spruce,,,,1,Almost Heaven Direct
family-s-ahkip80pkg-ledbarsc,Almost Heaven Saunas,FAMILY-S|AHKIP80PKG|LEDBARSC,Nordik Indoor Sauna — Harvia Collection,8314.0,12590.0,Traditional,Indoor,,,,,,,,,Harvia Collection,,,,,Spruce,,,,1,Almost Heaven Direct
har-5002-01,Almost Heaven Saunas,HAR-5002-01,Harmony Infrared 2-3 Person Sauna,7374.99,8634.99,Infrared,Indoor,3,,,,Near Zero,Far Infrared,,,,,,,,Canadian Hemlock,,,,1,Almost Heaven Direct
har-7002-01,Almost Heaven Saunas,HAR-7002-01,Elysian Infrared 2-3 Person Sauna,6210.99,7626.99,Infrared,Indoor,3,,,,Near Zero,Full Spectrum,True,,,,,,,Canadian Hemlock,,,,1,Almost Heaven Direct
hartmb6pos-ahkip80pkg-54007300-ledbarlc,Almost Heaven Saunas,HARTMB6POS|AHKIP80PKG|54007300|LEDBARLC,Timberline Outdoor Sauna — Harvia Collection,9963.1,27649.0,Traditional,Outdoor,,,,,,,,,Harvia Collection,,,,,Spruce,,,,1,Almost Heaven Direct
himalayasm-ahkip60pkgus,Almost Heaven Saunas,HimalayaSM|AHKIP60PKGUS,Himalaya Salt Indoor Sauna,12359.0,17204.0,Traditional,Indoor,4,,,,,,,,"Harvia heaters reaching up to 190°F, the Himalaya delivers a rejuvenating spa experien",,Up to 190°F,,,Spruce,,,,1,Almost Heaven Direct
komfort-s-ahkip60pkgus-ledbarsc,Almost Heaven Saunas,KOMFORT-S|AHKIP60PKGUS|LEDBARSC,Wolfpine Indoor Sauna — Harvia Collection,9168.0,13441.0,Traditional,Indoor,,,,,,,,,Harvia Collection,,,,,Spruce,,,,1,Almost Heaven Direct
sldco2ps-ahkip80pkg-ledbarlc,Almost Heaven Saunas,SLDCO2PS|AHKIP80PKG|LEDBARLC,Solide Compact 4-6 Person Cabin Sauna,14233.0,19946.0,Traditional,Outdoor,6,,,,,,,,,,,,,Spruce,,,,1,Almost Heaven Direct
sldcv01ps-hl11u1-fx45-u1-u3-xc-ac3020-ac3020-ac3020-ac3020-ledbarlc,Almost Heaven Saunas,SLDCV01PS|HL11U1|FX45-U1-U3-XC|AC3020|AC3020|AC3020|AC3020|LEDBARLC,View Outdoor Sauna — Harvia Collection,20257.0,21686.0,Traditional,Outdoor,,,,,,,,,Harvia Collection,,,,,Spruce,,,,1,Almost Heaven Direct
so22002-ahkip80pkg-ledbarlc,Almost Heaven Saunas,SO22002|AHKIP80PKG|LEDBARLC,Allegheny 6 Person Cabin Sauna,7505.4,15006.0,Traditional,Outdoor,6,,,,,,,,,,,,,Spruce,,,,1,Almost Heaven Direct
so40002-ahkip80pkg-ledbarlc,Almost Heaven Saunas,SO40002|AHKIP80PKG|LEDBARLC,Appalachia 6 Person Cabin Sauna,8855.0,16934.0,Traditional,Outdoor,6,,,,,,,,Harvia 8kW electric heater with delay-start convenience (heating up to 180ºF) or a tra,8 kW,,,,,,,,1,Almost Heaven Direct
clearlight-curve-sauna-dome-w-infrared-mat,Clearlight,clearlight-curve-sauna-dome-w-infrared-mat,Clearlight® Curve Sauna Dome w/ Infrared Mat,1999.0,2899.0,Hybrid,Indoor,1,,,,Low,Far Infrared,,,,,,,,,,,,1,SaunaFriend
clearlight-curve-sauna-dome-w-infrared-mat,Clearlight,clearlight-curve-sauna-dome-w-infrared-mat,Clearlight® Curve Sauna Dome w/ Infrared Mat,1999.0,2899.0,Hybrid,Indoor,1,,,,Low,Far Infrared,,,,,,,,,,,,1,SaunaFriend
clearlight-sanctuary-1-full-spectrum-infrared-sauna-1-person,Clearlight,clearlight-sanctuary-1-full-spectrum-infrared-sauna-1-person,Clearlight® SANCTUARY 1 FULL SPECTRUM INFRARED SAUNA (1 Person),6999.0,7799.0,Infrared,Indoor,1,,,,Low,Full Spectrum,,,,,,,,,,Limited lifetime warranty,,1,SaunaFriend
clearlight-sanctuary-1-full-spectrum-infrared-sauna-1-person,Clearlight,clearlight-sanctuary-1-full-spectrum-infrared-sauna-1-person,Clearlight® SANCTUARY 1 FULL SPECTRUM INFRARED SAUNA (1 Person),6999.0,7799.0,Infrared,Indoor,1,,,,Low,Full Spectrum,,,,,,,,,,Limited lifetime warranty,,1,SaunaFriend
clearlight-sanctuary-2-full-spectrum-infrared-sauna-2-person,Clearlight,clearlight-sanctuary-2-full-spectrum-infrared-sauna-2-person,Clearlight® SANCTUARY 2 FULL SPECTRUM INFRARED SAUNA (2 Person),7399.0,8199.0,Infrared,Indoor,2,,20A,,Low,Full Spectrum,,,,,,,,,,Limited lifetime warranty,,1,SaunaFriend
clearlight-sanctuary-2-full-spectrum-infrared-sauna-2-person,Clearlight,clearlight-sanctuary-2-full-spectrum-infrared-sauna-2-person,Clearlight® SANCTUARY 2 FULL SPECTRUM INFRARED SAUNA (2 Person),7399.0,8199.0,Infrared,Indoor,2,,20A,,Low,Full Spectrum,,,,,,,,,,Limited lifetime warranty,,1,SaunaFriend
clearlight-sanctuary-3-full-spectrum-infrared-sauna-3-person,Clearlight,clearlight-sanctuary-3-full-spectrum-infrared-sauna-3-person,Clearlight® SANCTUARY 3 FULL SPECTRUM INFRARED SAUNA (3 Person),7799.0,8599.0,Infrared,Indoor,3,240V,,,,Full Spectrum,,,,,,,,,,Limited lifetime warranty,,1,SaunaFriend
clearlight-sanctuary-3-full-spectrum-infrared-sauna-3-person,Clearlight,clearlight-sanctuary-3-full-spectrum-infrared-sauna-3-person,Clearlight® SANCTUARY 3 FULL SPECTRUM INFRARED SAUNA (3 Person),7799.0,8599.0,Infrared,Indoor,3,240V,,,,Full Spectrum,,,,,,,,,,Limited lifetime warranty,,1,SaunaFriend
clearlight-sanctuary-5-full-spectrum-infrared-sauna-5-person,Clearlight,clearlight-sanctuary-5-full-spectrum-infrared-sauna-5-person,Clearlight® SANCTUARY 5 FULL SPECTRUM INFRARED SAUNA (5 Person),8399.0,9299.0,Infrared,Indoor,5,240V,,,Low,Full Spectrum,,,,,,,,,,Limited lifetime warranty,,1,SaunaFriend
clearlight-sanctuary-5-full-spectrum-infrared-sauna-5-person,Clearlight,clearlight-sanctuary-5-full-spectrum-infrared-sauna-5-person,Clearlight® SANCTUARY 5 FULL SPECTRUM INFRARED SAUNA (5 Person),8399.0,9299.0,Infrared,Indoor,5,240V,,,Low,Full Spectrum,,,,,,,,,,Limited lifetime warranty,,1,SaunaFriend
clearlight-sanctuary-c-full-spectrum-infrared-corner-sauna-4-person,Clearlight,clearlight-sanctuary-c-full-spectrum-infrared-corner-sauna-4-person,Clearlight® SANCTUARY C FULL SPECTRUM INFRARED CORNER SAUNA (4 person),9199.0,10199.0,Infrared,Indoor,3,240V,,,,Full Spectrum,,,,,,,,,,Limited lifetime warranty,,1,SaunaFriend
clearlight-sanctuary-c-full-spectrum-infrared-corner-sauna-4-person,Clearlight,clearlight-sanctuary-c-full-spectrum-infrared-corner-sauna-4-person,Clearlight® SANCTUARY C FULL SPECTRUM INFRARED CORNER SAUNA (4 person),9199.0,10199.0,Infrared,Indoor,3,240V,,,,Full Spectrum,,,,,,,,,,Limited lifetime warranty,,1,SaunaFriend
clearlight-sanctuary-outdoor-2-full-spectrum-infrared-sauna-2-person,Clearlight,clearlight-sanctuary-outdoor-2-full-spectrum-infrared-sauna-2-person,Clearlight® SANCTUARY OUTDOOR 2 FULL SPECTRUM INFRARED SAUNA (2 PERSON),8699.0,9299.0,Infrared,Outdoor,2,240V,,,,Full Spectrum,,,,,,,,Cedar,,Limited lifetime warranty,,1,SaunaFriend
clearlight-sanctuary-outdoor-2-full-spectrum-infrared-sauna-2-person,Clearlight,clearlight-sanctuary-outdoor-2-full-spectrum-infrared-sauna-2-person,Clearlight® SANCTUARY OUTDOOR 2 FULL SPECTRUM INFRARED SAUNA (2 PERSON),8699.0,9299.0,Infrared,Outdoor,2,240V,,,,Full Spectrum,,,,,,,,Cedar,,Limited lifetime warranty,,1,SaunaFriend
clearlight-sanctuary-outdoor-5-full-spectrum-infrared-sauna-4-5-person,Clearlight,clearlight-sanctuary-outdoor-5-full-spectrum-infrared-sauna-4-5-person,Clearlight® SANCTUARY OUTDOOR 5 FULL SPECTRUM INFRARED SAUNA (4-5 PERSON),9799.0,10399.0,Infrared,Outdoor,5,240V,,,,Full Spectrum,,,,,,,,Cedar,,Limited lifetime warranty,,1,SaunaFriend
clearlight-sanctuary-outdoor-5-full-spectrum-infrared-sauna-4-5-person,Clearlight,clearlight-sanctuary-outdoor-5-full-spectrum-infrared-sauna-4-5-person,Clearlight® SANCTUARY OUTDOOR 5 FULL SPECTRUM INFRARED SAUNA (4-5 PERSON),9799.0,10399.0,Infrared,Outdoor,5,240V,,,,Full Spectrum,,,,,,,,Cedar,,Limited lifetime warranty,,1,SaunaFriend
clearlight-sanctuary-retreat-full-spectrum-infrared-sauna-4-person,Clearlight,clearlight-sanctuary-retreat-full-spectrum-infrared-sauna-4-person,Clearlight® SANCTUARY RETREAT FULL SPECTRUM INFRARED SAUNA (4 Person),9599.0,10299.0,Infrared,Indoor,4,240V,,,,Full Spectrum,,,,,,,,,,Limited lifetime warranty,,1,SaunaFriend
clearlight-sanctuary-retreat-full-spectrum-infrared-sauna-4-person,Clearlight,clearlight-sanctuary-retreat-full-spectrum-infrared-sauna-4-person,Clearlight® SANCTUARY RETREAT FULL SPECTRUM INFRARED SAUNA (4 Person),9599.0,10299.0,Infrared,Indoor,4,240V,,,,Full Spectrum,,,,,,,,,,Limited lifetime warranty,,1,SaunaFriend
is-1,Clearlight,IS-1,Clearlight® PREMIER IS-1 FAR INFRARED SAUNA (1 Person),5000.0,6299.0,Infrared,Indoor,1,,,,Low,Far Infrared,,,,,,,,,,Limited lifetime warranty,,1,SaunaFriend
is-2,Clearlight,IS-2,Clearlight® PREMIER IS-2 FAR INFRARED SAUNA (2 Person),5899.0,7099.0,Infrared,Indoor,2,,,,Ultra Low,Far Infrared,,,,,,,,,,Limited lifetime warranty,,1,SaunaFriend
is-3,Clearlight,IS-3,Clearlight® PREMIER IS-3 FAR INFRARED SAUNA (3 Person),6299.0,7599.0,Infrared,Indoor,3,,,,Ultra Low,Far Infrared,,,,,,,,,,Limited lifetime warranty,,1,SaunaFriend
ctc2245w,Dundalk Leisurecraft,CTC2245W,LeisureCraft Serenity Barrel Sauna – Fits 3-4 People,5724.0,8742.19,Traditional,Outdoor,4,,,,,,,,"Harvia 6 kW, Designer B series) or a traditional wood‑burning stove, the Serenity saun",6 kW,,"15.4""W (390mm) x 13.2""D (335mm) x 23.3""H (590mm)",,Cedar,,5-year limited warranty,https://inhousewellness.com/products/leisurecraft-serenity,2,InHouse Wellness | Solaci Home
ctc22lu,Dundalk Leisurecraft,CTC22LU,LeisureCraft Luna Sauna – Fits 2-3 People,6825.0,10664.84,Traditional,Outdoor,3,,,,,,,,Electric sauna heater; 6-8 kW recommended,6 kW,,86.22 in W x 84.65 in L x 86.22 in H,,Cedar,1526 lbs,5-year residential limited warranty,https://inhousewellness.com/products/leisurecraft-luna,4,InHouse Wellness | Altered Physical | Solaci Home | Steam Sauna Supply
ctc22w,Dundalk Leisurecraft,CTC22W,Leisurecraft Timber Harmony 4 Person Outdoor Barrel Sauna,6782.5,8478.13,Traditional,Outdoor,4,,,,,,,,Harvia Forte Electric Sauna Heater 6,6 kW,,"20""W (50cm) x 21""D (53cm) x 35""H (88cm)",,Cedar,,5-year limited warranty,https://inhousewellness.com/products/leisurecraft-timber-harmony-4-person-outdoor-barrel-sauna,2,InHouse Wellness | Solaci Home
ctc2345,Dundalk Leisurecraft,CTC2345,LeisureCraft Tranquility Barrel Sauna for up to 8 People | Premium Canadian Cedar,7353.13,15298.44,Traditional,Outdoor,8,,,,,,,,"Harvia, HUUM, and others), allowing you to choose from",6 kW,,,,Cedar,,,https://inhousewellness.com/products/leisurecraft-tranquility-barrel-sauna,1,InHouse Wellness
ctc66w,Dundalk Leisurecraft,CTC66W,LeisureCraft Granby 2-3 Person Outdoor Sauna – Premium Cedar Cabin Design,7085.63,8857.03,Traditional,Outdoor,3,,,,,,,,Harvia KIP 6kW Electric Sauna Heater w/ Built-in Controls and Stones,6 kW,,"16""W (406mm) x 11""D (279mm) x 24""H (609mm)",,Cedar,,5-year limited warranty,https://inhousewellness.com/products/leisurecraft-granby-2-3-person-cabin-sauna,2,InHouse Wellness | Solaci Home
ctc77mw,Dundalk Leisurecraft,CTC77MW,LeisureCraft CT MiniPOD Outdoor Sauna – 3-4 Person Cabin Sauna with Premium Cedar,6478.0,10226.56,Traditional,Outdoor,4,,,,,,,,Electric 6-8 kW heater or wood-burning stove,6-8 kW,,Approx. 7 ft W x 7 ft L x 7 ft H,,Cedar,1403 lbs,5-year residential limited warranty,https://inhousewellness.com/products/leisurecraft-ct-minipod-sauna-fits-3-4-people,2,InHouse Wellness | Solaci Home
ctc88w,Dundalk Leisurecraft,CTC88W,CT Georgian Cabin Sauna – Outdoor 4-Person Sauna with Modern Heating & Luxury Design,6953.0,10950.0,Traditional,Outdoor,4,,,,,,,,Harvia KIP 8kW Electric Sauna Heater w/ Built-in Controls and Stones,8 kW,,"16""W (406mm) x 11""D (279mm) x 24""H (609mm)",,Cedar,,5-year limited warranty,https://inhousewellness.com/products/ct-georgian-cabin-sauna,2,InHouse Wellness | Solaci Home
dyn-6103-01,Dynamic Saunas,DYN-6103-01,Dynamic Saunas Avila 1-2 Person Low EMF FAR Infrared Sauna,1999.0,3499.0,Infrared,Indoor,2,120V,15A,Standard 120V outlet,Low,Full Spectrum,True,,,,Up to 140°F,,,Canadian Hemlock,250 lbs,,https://inhousewellness.com/products/dynamic-avila-2-sauna-infrared,3,InHouse Wellness | Golden Designs Direct | Paradise Bay Leisure Products
dyn-6103-01-elite,Dynamic Saunas,DYN-6103-01 Elite,Dynamic Saunas Avila DYN-6103-01 Elite – 1-2 Person Ultra-Low EMF FAR Infrared Sauna,2299.0,3999.0,Infrared,Indoor,2,120V,15A,Standard 120V outlet,Ultra Low,Far Infrared,True,,,,Up to 140°F,,,Canadian Hemlock,250 lbs,,https://inhousewellness.com/products/dynamic-saunas-avila-elite,3,InHouse Wellness | Ampsrus | Golden Designs Direct
dyn-6106-01,Dynamic Saunas,DYN-6106-01,Dynamic Ultra Low EMF Far Infrared Sauna - Barcelona Elite Edition,1999.0,3499.0,Infrared,Indoor,2,120V,15A,Standard 120V outlet,Ultra Low,Far Infrared,True,,,,Up to 140°F,,,Canadian Hemlock,250 lbs,,https://inhousewellness.com/products/1-2-person-infrared-sauna-model-number-low-emf-hemlock-bluetooth,3,InHouse Wellness | Ampsrus | Golden Designs Direct
dyn-6106-01-elite,Dynamic Saunas,DYN-6106-01 Elite,Dynamic Ultra Low EMF Far Infrared Sauna - Barcelona Elite Edition,2299.0,3999.0,Hybrid,Indoor,1,120V,20A,Standard 120V outlet,Ultra Low,Far Infrared,True,,,,Up to 140°F,,,Canadian Hemlock,250 lbs,,https://inhousewellness.com/products/dynamic-ultra-low-emf-sauna,2,InHouse Wellness | Golden Designs Direct
dyn-6115-05,Dynamic Saunas,DYN-6115-05,Dynamic Saunas DYN-6115-05 Veneto 2 Person Low EMF Far Infrared Sauna,2299.0,3999.0,Infrared,Indoor,2,120V,15A,Standard 120V outlet,Low,Far Infrared,True,,,,,,,Canadian Hemlock,250 lbs,,https://inhousewellness.com/products/dynamic-saunas-dyn-6115-05-veneto,3,InHouse Wellness | Ampsrus | Golden Designs Direct
dyn-6119-01,Dynamic Saunas,DYN-6119-01,Dynamic Saunas Gracia 1-2 Person Low EMF FAR Infrared Sauna,1999.0,3499.0,Infrared,Indoor,2,120V,15A,Standard 120V outlet,Near Zero,Full Spectrum,True,,,,Up to 140°F,,,Canadian Hemlock,255 lbs,,https://inhousewellness.com/products/1-2-person-infrared-sauna-hemlock-chromotherapy,2,InHouse Wellness | Golden Designs Direct
dyn-6119-01-elite,Dynamic Saunas,DYN-6119-01-ELITE,Dynamic Saunas Gracia DYN-6119-01 Elite Ultra Low EMF FAR Infrared Sauna 2 Person,3999.0,5200.0,Infrared,Indoor,2,120V,15A,Standard 120V outlet,Ultra Low,Far Infrared,True,,,,Up to 140°F,,,Canadian Hemlock,255 lbs,,https://inhousewellness.com/products/gracia-ultra-lowemf-sauna,3,InHouse Wellness | Ampsrus | Golden Designs Direct
dyn-6119-03-fs,Dynamic Saunas,DYN-6119-03 FS,Dynamic Saunas DYN-6119-03 FS Gracia 2 Person Full Spectrum Near Zero EMF Far Infrared Sauna,2899.0,4999.0,Infrared,Indoor,2,120V,15A,Standard 120V outlet,Near Zero,Full Spectrum,True,,,,Up to 140°F,,,Canadian Hemlock,255 lbs,,https://inhousewellness.com/products/dynamic-saunas-dyn-6119-03-fs-gracia,2,InHouse Wellness | Golden Designs Direct
dyn-6202-03,Dynamic Saunas,DYN-6202-03,Dynamic Saunas Versailles Edition - Low EMF Far Infrared Sauna,2299.0,3999.0,Infrared,Indoor,2,120V,15A,Standard 120V outlet,Low,Far Infrared,True,,,,Up to 140°F,,,Canadian Hemlock,335 lbs,,https://inhousewellness.com/products/dynamic-infrared-sauna-versailles,3,InHouse Wellness | Ampsrus | Golden Designs Direct
dyn-6203-01-elite,Dynamic Saunas,DYN-6203-01 Elite,Dynamic Saunas Cardoba 2-Person Ultra Low EMF FAR Infrared Sauna,2499.0,4999.0,Infrared,Indoor,2,120V,15A,Standard 120V outlet,Ultra Low,Far Infrared,True,,,,Up to 140°F,,,Canadian Hemlock,300 lbs,,https://inhousewellness.com/products/dynamic-cardoba-2-infrared-sauna,3,InHouse Wellness | Ampsrus | Golden Designs Direct
dyn-6209-01,Dynamic Saunas,DYN-6209-01,"Dynamic ""Santiago"" 2 Person Low EMF FAR IR Sauna",2299.0,3999.0,Hybrid,Indoor,2,120V,15A,Standard 120V outlet,Ultra Low,Far Infrared,True,,,,Up to 140°F,,,Canadian Hemlock,310 lbs,,https://inhousewellness.com/products/santiago-low-emf-sauna,3,InHouse Wellness | Ampsrus | Golden Designs Direct
dyn-6210-01,Dynamic Saunas,DYN-6210-01,"Luxury Infrared Dynamic Sauna for 2 – Low EMF, Red Light Therapy, Bluetooth Speakers - Venice Edition",2499.0,4699.0,Infrared,Indoor,2,120V,15A,Standard 120V outlet,Low,Far Infrared,True,,,,Up to 140°F,,,Canadian Hemlock,375 lbs,,https://inhousewellness.com/products/dynamic-infrared-sauna-venice-edition,3,InHouse Wellness | Ampsrus | Golden Designs Direct
dyn-6210-01-elite,Dynamic Saunas,DYN-6210-01 Elite,Dynamic Saunas DYN-6210-01 Elite Venice 2-Person Ultra Low EMF FAR Infrared Sauna,2699.0,5999.0,Infrared,Indoor,2,120V,15A,Standard 120V outlet,Ultra Low,Far Infrared,True,,,,Up to 140°F,,,Canadian Hemlock,375 lbs,,https://inhousewellness.com/products/dynamic-venice-elite,2,InHouse Wellness | Golden Designs Direct
dynamic-llumeneres-sauna,Dynamic Saunas,DYN-6215-03,Dynamic Llumeneres DYN-6215-03 FS Full Spectrum Near Zero EMF 2 Person Sauna,3699.0,7999.0,Infrared,Indoor,2,120V,15A,Standard 120V outlet,Near Zero,Full Spectrum,True,,,,,,,Canadian Hemlock,350 lbs,,https://inhousewellness.com/products/dynamic-llumeneres-sauna,2,InHouse Wellness | Golden Designs Direct
dyn-6215-05,Dynamic Saunas,DYN-6215-05,Dynamic Saunas DYN-6215-05 Lucca 2 Person Ultra Low EMF Far Infrared Sauna,2899.0,5999.0,Infrared,Indoor,2,120V,15A,Standard 120V outlet,Ultra Low,Far Infrared,True,,,,,,,Canadian Hemlock,330 lbs,,https://inhousewellness.com/products/dynamic-saunas-dyn-6215-05-lucca,2,InHouse Wellness | Golden Designs Direct
dyn-6215-05-elite,Dynamic Saunas,DYN-6215-05 Elite,Dynamic Saunas DYN-6215-05 Elite Lucca 2 Person Ultra Low EMF Far Infrared Sauna,3299.0,6999.0,Infrared,Indoor,2,120V,15A,Standard 120V outlet,Ultra Low,Far Infrared,True,,,,,,,Canadian Hemlock,330 lbs,,https://inhousewellness.com/products/dynamic-saunas-dyn-6215-05-elite-lucca,3,InHouse Wellness | Ampsrus | Golden Designs Direct
dyn-6220-01,Dynamic Saunas,DYN-6220-01,"Dynamic ""Vittoria"" 2 Person Low EMF Far IR Sauna (DYN-6220-01)",2699.0,4999.0,Infrared,Indoor,2,120V,15A,Standard 120V outlet,Low,Far Infrared,True,,,,Up to 140°F,,,Canadian Hemlock,330 lbs,,https://inhousewellness.com/products/dynamic-saunas-vittoria-dyn-6220-01,2,InHouse Wellness | Golden Designs Direct
dyn-6220-01-elite,Dynamic Saunas,DYN-6220-01 Elite,Dynamic Saunas DYN-6220-01 Elite Vittoria 2 Person Ultra Low EMF Far Infrared Sauna,2899.0,5999.0,Infrared,Indoor,2,120V,15A,Standard 120V outlet,Ultra Low,Far Infrared,True,,,,Up to 140°F,,,Canadian Hemlock,330 lbs,,https://inhousewellness.com/products/dynamic-saunas-dyn-6220-01-elite-vittoria,3,InHouse Wellness | Ampsrus | Golden Designs Direct
dyn-6225-02,Dynamic Saunas,DYN-6225-02,"Dynamic Saunas Low EMF Far Infrared Sauna, Heming Edition",2699.0,4999.0,Infrared,Indoor,2,120V,15A,Standard 120V outlet,Ultra Low,Far Infrared,True,,,,Up to 140°F,,,Canadian Hemlock,345 lbs,,https://inhousewellness.com/products/dynamic-low-infrared-sauna-heming,3,InHouse Wellness | Ampsrus | Golden Designs Direct
dyn-6225-02-elite,Dynamic Saunas,DYN-6225-02 Elite,Dynamic Heming Elite 2-Person Corner Ultra Low EMF FAR Infrared Sauna,2999.0,5999.0,Infrared,Indoor,2,120V,15A,Standard 120V outlet,Ultra Low,Far Infrared,True,,,,Up to 140°F,,,Canadian Hemlock,345 lbs,,https://inhousewellness.com/products/dynamic-saunas-heming,2,InHouse Wellness | Golden Designs Direct
dyn-6229-01,Dynamic Saunas,DYN-6229-01,Dynamic Saunas DYN-6229-01 Serena 2 Person Low EMF Far Infrared Sauna,2299.0,3999.0,Infrared,Indoor,2,120V,15A,Standard 120V outlet,Low,Far Infrared,True,,,,Up to 140°F,,,Canadian Hemlock,310 lbs,,https://inhousewellness.com/products/dynamic-saunas-dyn-6229-01-serena,3,InHouse Wellness | Ampsrus | Golden Designs Direct
dyn-6229-03-fs,Dynamic Saunas,DYN-6229-03 FS,Dynamic Saunas DYN-6229-03 FS Serena 2 Person Full Spectrum Infrared Sauna,3299.0,5999.0,Infrared,Indoor,2,120V,15A,Standard 120V outlet,Near Zero,Full Spectrum,True,,,,Up to 140°F,,,Canadian Hemlock,285 lbs,,https://inhousewellness.com/products/dynamic-saunas-dyn-6229-03-fs-serena,3,InHouse Wellness | Ampsrus | Golden Designs Direct
dyn-6315-05,Dynamic Saunas,DYN-6315-05,Dynamic Saunas DYN-6315-05 Toscana 3 Person Low EMF Far Infrared Sauna,3299.0,6999.0,Infrared,Indoor,3,120V,20A,Standard 120V outlet,Low,Far Infrared,True,,,,,,,Canadian Hemlock,385 lbs,,https://inhousewellness.com/products/dynamic-saunas-dyn-6315-05-toscana,3,InHouse Wellness | Ampsrus | Golden Designs Direct
dyn-6336-02,Dynamic Saunas,DYN-6336-02,"Dynamic ""Lugano"" 3 Person Low EMF FAR Infrared Sauna (DYN-6336-02)",2699.0,5999.0,Infrared,Indoor,3,120V/240V,20A,,Low,Far Infrared,True,,,,Up to 140°F,,,Canadian Hemlock,350 lbs,,https://inhousewellness.com/products/dynamic-saunas-lugano-infrared-sauna,3,InHouse Wellness | Ampsrus | Golden Designs Direct
dyn-6336-02-elite,Dynamic Saunas,DYN-6336-02 Elite,"Dynamic Lugano ""Elite"" 3-Person Ultra Low EMF FAR Infrared Sauna – Canadian Hemlock",3499.0,6999.0,Infrared,Indoor,3,120V,20A,,Ultra Low,Far Infrared,True,,,,Up to 140°F,,,Canadian Hemlock,350 lbs,,https://inhousewellness.com/products/dynamic-lugano-infrared-sauna,2,InHouse Wellness | Golden Designs Direct
dyn-6440-01,Dynamic Saunas,DYN-6440-01,Dynamic Saunas Low EMF Far Infrared Sauna - Bergamo Edition,3299.0,6999.0,Infrared,Indoor,4,120V,20A,,Low,Far Infrared,True,,,,Up to 140°F,,,Canadian Hemlock,410 lbs,,https://inhousewellness.com/products/dynamic-saunas-bergamo,3,InHouse Wellness | Ampsrus | Golden Designs Direct
dyn-6996-01-elite,Dynamic Saunas,DYN-6996-01 Elite,Dynamic Monaco 6-person Ultra Low EMF (Under 3MG) FAR Infrared Sauna,6499.0,8999.0,Infrared,Indoor,6,120V,20A,,Ultra Low,Far Infrared,True,,,,Up to 140°F,,,Canadian Hemlock,750 lbs,,https://inhousewellness.com/products/dynamic-saunas-monaco,3,InHouse Wellness | Ampsrus | Golden Designs Direct
gdi-6880-02-elite,Golden Designs Inc,GDI-6880-02 Elite,Golden Designs GDI-6880-02 Elite Catalonia 8 Person Ultra Low EMF Far Infrared Sauna,9999.0,14999.0,Infrared,Indoor,8,240V,30A,,Near Zero,Far Infrared,,,,,Up to 140°F,,,Canadian Hemlock,920 lbs,,https://inhousewellness.com/products/golden-designs-gdi-6880-02-elite-catalonia,3,InHouse Wellness | Ampsrus | Golden Designs Direct
gdi-6880-02-elite,Golden Designs Inc,GDI-6880-02-Elite,Golden Designs Catalonia GDI-6880-02 Elite Near Zero EMF FAR Infrared Sauna (8-Person),14999.0,19500.0,Infrared,Indoor,8,240V,30A,,Near Zero,Far Infrared,,,,,Up to 140°F,,,Canadian Hemlock,,,https://inhousewellness.com/products/catalonia-8p-infrared-sauna,3,InHouse Wellness | Ampsrus | Golden Designs Direct
gdi-6996-01-elite,Golden Designs Inc,GDI-6996-01-Elite,Golden Designs GDI-6996-01 Elite Near Zero EMF 6-Person Far Infrared Sauna,8999.0,11700.0,Infrared,Indoor,6,240V,20A,,Near Zero,Far Infrared,True,,,,Up to 140°F,,,Canadian Hemlock,750 lbs,,https://inhousewellness.com/products/gdi-6996-elite-sauna,3,InHouse Wellness | Ampsrus | Golden Designs Direct
gdi-6996-02,Golden Designs Inc,GDI-6996-02,Golden Designs Monaco Limited Edition GDI-6996-02 Near Zero EMF 6-Person FAR Infrared Sauna,6999.0,7999.0,Hybrid,Indoor,6,240V,20A,,Near Zero,Full Spectrum,True,,,,Up to 140°F,,,Canadian Hemlock,750 lbs,,https://inhousewellness.com/products/golden-designs-monaco-limited,3,InHouse Wellness | Ampsrus | Golden Designs Direct
gdi-7202-01,Golden Designs Inc,GDI-7202-01,"Golden Designs ""Hanko"" 2-3 Person Traditional Sauna",5999.0,7999.0,Traditional,Indoor,3,120V/240V,30A,,,Infrared,True,,Harvia 6KW stove,6 kW,Up to 190°F,,,Canadian Hemlock / Cedar,600 lbs,5-year electronics / 1-year stove,https://inhousewellness.com/products/hanko-steam-sauna,4,InHouse Wellness | Ampsrus | Golden Designs Direct | Solaci Home
gdi-7203-01,Golden Designs Inc,GDI-7203-01,"Golden Designs ""Forssa Edition"" 4 Person Traditional Sauna - Canadian Red Cedar Interior",6999.0,8999.0,Hybrid,Indoor,4,120V/240V,40A,,,Infrared,True,,,8.0 kW,Up to 190°F,,,Cedar,700 lbs,,https://inhousewellness.com/products/golden-designs-forssa-traditional-sauna,3,InHouse Wellness | Ampsrus | Golden Designs Direct
gdi-7206-01,Golden Designs Inc,GDI-7206-01,"Golden Designs ""Kuusamo Edition"" 6-Person Indoor Traditional Sauna - Canadian Red Cedar Interior",8499.0,9999.0,Traditional,Outdoor,6,120V/240V,40A,,,,True,,"Harvia stove provides an authentic steam sauna experience, reaching temperatures up to",8.0 kW,Up to 195°F,,,Canadian Hemlock / Cedar,850 lbs,,https://inhousewellness.com/products/kuusamo-6-person-sauna,3,InHouse Wellness | Ampsrus | Golden Designs Direct
gdi-7289-02,Golden Designs Inc,GDI-7289-02,"Golden Designs ""Sundsvall Edition"" 2 Person Traditional Sauna - Canadian Red Cedar Interior and Pacific Premium Clear Cedar Exterior",5999.0,7999.0,Traditional,Outdoor,2,120V/240V,30A,,,Infrared,,,Harvia 6 kW stove,6 kW,Up to 190°F,,,Pacific Cedar,475 lbs,5-year limited warranty,https://inhousewellness.com/products/golden-designs-sundsvall,4,InHouse Wellness | Ampsrus | Golden Designs Direct | Solaci Home
gdi-7389-02,Golden Designs Inc,GDI-7389-02,"Golden Designs ""Copenhagen Edition"" 3-Person Traditional Sauna – Canadian Red Cedar & Pacific Premium Clear Cedar",6999.0,8999.0,Traditional,Outdoor,3,120V/240V,40A,,,,,,Harvia traditional electric stove,8 kW,Up to 190°F,,,Pacific Cedar,675 lbs,,https://inhousewellness.com/products/golden-designs-copenhagen,3,InHouse Wellness | Ampsrus | Golden Designs Direct
gdi-8003-01,Golden Designs Inc,GDI-8003-01,Golden Designs Arlberg 3 Person Outdoor Sauna 8.0 kW Flat Roof,6999.0,8999.0,Traditional,Outdoor,3,120V/240V,40A,,,,True,,,8.0 kW,Up to 190°F,,,Canadian Hemlock,560 lbs,,https://inhousewellness.com/products/golden-designs-arlberg,2,InHouse Wellness | Golden Designs Direct
gdi-8005-01,Golden Designs Inc,GDI-8005-01,Golden Designs Vorarlberg GDI-8005-01 8.0 kW 5 Person Outdoor Sauna,7999.0,9999.0,Hybrid,Outdoor,5,120V/240V,40A,,,Infrared,True,,,8.0 kW,Up to 190°F,,,Canadian Hemlock,720 lbs,,https://inhousewellness.com/products/vorarlberg-outdoor-sauna,2,InHouse Wellness | Golden Designs Direct
gdi-8010-03,Golden Designs Inc,GDI-8010-03,Golden Designs 1-2-Person Full Spectrum PureTech™ Near Zero EMF FAR Infrared Sauna with Himalayan Salt Bar,3999.0,4999.0,Infrared,Indoor,2,120V,,Standard 120V outlet,Near Zero,Full Spectrum,True,,,,,,,Canadian Hemlock,,,https://inhousewellness.com/products/golden-designs-infrared-himalayan,1,InHouse Wellness
gdi-8040-03,Golden Designs Inc,GDI-8040-03,Golden Designs 4-Person Full Spectrum Near Zero EMF FAR Infrared Sauna with Himalayan Salt – Canadian Hemlock,5499.0,7999.0,Infrared,Outdoor,4,120V,20A,,Near Zero,Full Spectrum,True,,,,,,,Canadian Hemlock,,,https://inhousewellness.com/products/golden-designs-full-spectrum-sauna,1,InHouse Wellness
gdi-8123-01,Golden Designs Inc,GDI-8123-01,Golden Designs Carinthia GDI-8123-01 Outdoor Hybrid Sauna with 8.0 kW Stove (3 Person),6999.0,8999.0,Hybrid,Outdoor,3,240V,40A,,Near Zero,Full Spectrum,True,,,8.0 kW,Up to 190°F,,,Canadian Hemlock,750 lbs,,https://inhousewellness.com/products/goldendesigns-carinthia-hybrid-outdoor-sauna,3,InHouse Wellness | Ampsrus | Golden Designs Direct
gdi-8125-01,Golden Designs Inc,GDI-8125-01,Golden Designs Gargellen GDI-8125-01 5-Person Hybrid Outdoor Sauna 8.0 kW,7999.0,9999.0,Hybrid,Outdoor,5,240V,40A,,Near Zero,Full Spectrum,True,,,8.0 kW,Up to 190°F,,,Canadian Hemlock,1075 lbs,,https://inhousewellness.com/products/goldendesigns-gargellen-hybrid-outdoor-sauna,3,InHouse Wellness | Ampsrus | Golden Designs Direct
gdi-8202-01,Golden Designs Inc,GDI-8202-01,Golden Designs Narvik 2-Person Indoor/Outdoor Traditional Sauna,11999.0,14999.0,Traditional,Outdoor,2,120V/240V,30A,,,,True,,Narvik 2-Person Indoor/Outdoor Traditional Sauna,6.0 kW,Up to 190°F,,,Cedar,915 lbs,,https://inhousewellness.com/products/golden-designs-narvick,3,InHouse Wellness | Ampsrus | Golden Designs Direct
gdi-8203-01,Golden Designs Inc,GDI-8203-01,Golden Designs Drammen 3-Person Outdoor Traditional Sauna - Canadian Red Cedar Interior,13999.0,16999.0,Traditional,Outdoor,3,120V/240V,40A,,,,True,,,8.0 kW,Up to 190°F,,,Cedar,1100 lbs,,https://inhousewellness.com/products/golden-designs-drammen,3,InHouse Wellness | Ampsrus | Golden Designs Direct
gdi-8206-01,Golden Designs Inc,GDI-8206-01,Golden Designs Bergen 6-Person Outdoor-Indoor Traditional Sauna,15999.0,18999.0,Traditional,Outdoor,6,120V/240V,40A,,,,True,,"Harvia Sauna Stove', 'indoor sauna', 'Outdoor Sauna']",8 kW,Up to 190°F,,,Cedar,1275 lbs,,https://inhousewellness.com/products/golden-designs-6-person-traditional-sauna,3,InHouse Wellness | Ampsrus | Golden Designs Direct
gdi-8222-01,Golden Designs Inc,GDI-8222-01,Golden Designs Nora 2-Person Outdoor Hybrid Sauna – Premium Canadian Hemlock Wood Construction with Carbon Heating Panels,14999.0,18999.0,Hybrid,Outdoor,2,240V,30A,,Low,Infrared,True,,,6.0 kW,Up to 190°F,,,Canadian Hemlock,925 lbs,,https://inhousewellness.com/products/golden-designs-nora-hybrid,3,InHouse Wellness | Ampsrus | Golden Designs Direct
gdi-8223-01,Golden Designs Inc,GDI-8223-01,Golden Designs Visby 3 Person Outdoor-Indoor PureTech™ Hybrid Full Spectrum Sauna,16999.0,22999.0,Hybrid,Outdoor,3,240V,40A,,Near Zero,Full Spectrum,True,,,8.0 kW,Up to 190°F,,,Cedar,1105 lbs,,https://inhousewellness.com/products/goldendesigns-visby-3-person-sauna,3,InHouse Wellness | Ampsrus | Golden Designs Direct
gdi-8230-01,Golden Designs Inc,GDI-8230-01,Golden Designs GDI-8230-01 Full Spectrum Himalayan Salt Bar 3 Person Sauna,5499.0,7999.0,Infrared,Indoor,3,120V,15A,,Near Zero,Full Spectrum,True,,,,Up to 140°F,,,Canadian Hemlock,,,https://inhousewellness.com/products/golden-designs-gdi-8230,1,InHouse Wellness
gdi-8260-01,Golden Designs Inc,GDI-8260-01,Golden Designs GDI-8260-01 Full Spectrum Near Zero EMF 6-Person Sauna,7499.0,9999.0,Infrared,Outdoor,6,120V,15A,,Near Zero,Full Spectrum,True,,,,Up to 140°F,,,Canadian Hemlock,,,https://inhousewellness.com/products/gdi-8260-full-spectrum,1,InHouse Wellness
gdi-8330-01,Golden Designs Inc,GDI-8330-01,Golden Designs Soria 3-Person Hybrid Sauna – Full Spectrum Infrared & Harvia Stove,7999.0,9999.0,Hybrid,Indoor,3,120V/240V,20A,,Near Zero,Full Spectrum,True,,Harvia Stove,6 kW,Up to 140°F,,,Canadian Hemlock,450 lbs,5-year limited warranty,https://inhousewellness.com/products/golden-designs-soria-hybrid-sauna,4,InHouse Wellness | Ampsrus | Golden Designs Direct | Solaci Home
gdi-8360-01,Golden Designs Inc,GDI-8360-01,Golden Designs Toledo Per Hybrid Sauna (Indoor). Full Spectrum and Harvia Traditional Stove,9999.0,12999.0,Hybrid,Indoor,6,240V,40A,,Near Zero,Full Spectrum,True,,Harvia Traditional Stove,8 kW,Up to 140°F,,,Canadian Hemlock,825 lbs,5-year limited warranty,https://inhousewellness.com/products/golden-designs-toledo,4,InHouse Wellness | Ampsrus | Golden Designs Direct | Solaci Home
gdi-8506-01,Golden Designs Inc,GDI-8506-01,Golden Designs Kaarina GDI-8506-01 6 Person Outdoor Traditional Sauna – Canadian Red Cedar,15999.0,18999.0,Traditional,Outdoor,6,120V/240V,40A,,,,,,Harvia electric stove (8,8.0 kW,Up to 190°F,,,Canadian Hemlock / Cedar,1425 lbs,,https://inhousewellness.com/products/kaarina-6-person-sauna,3,InHouse Wellness | Ampsrus | Golden Designs Direct
gdi-8526-01,Golden Designs Inc,GDI-8526-01,Golden Designs Kaskinen 6-Person Hybrid Outdoor Sauna – Canadian Red Cedar Interior,18999.0,22999.0,Hybrid,Outdoor,6,240V,40A,,Near Zero,Full Spectrum,,,Harvia stove and PureTech™ Full Spectrum infrared heating technology,8.0 kW,Up to 190°F,,,Cedar,1600 lbs,,https://inhousewellness.com/products/kaskinen-6-sauna,3,InHouse Wellness | Ampsrus | Golden Designs Direct
gdi-b002-01,Golden Designs Inc,GDI-B002-01,Golden Designs GDI-B002-01 St. Moritz 2 Person Barrel Traditional Sauna 6.0 kW,4999.0,6999.0,Hybrid,Outdoor,2,120V/240V,30A,,,Infrared,,,Harvia “WALL” stove,6.0 kW,Up to 190°F,"84"" x 60"" x 84""","78"" x 52"" x 78""",Pacific Cedar,409 lbs,,https://inhousewellness.com/products/golden-designs-st-moritz-barrel-sauna,3,InHouse Wellness | Ampsrus | Golden Designs Direct
gdi-b004-01,Golden Designs Inc,GDI-B004-01,"Golden Designs ""Arosa"" 4 Person Barrel Traditional Sauna",5999.0,7999.0,Traditional,Outdoor,4,120V/240V,30A,,Near Zero,Full Spectrum,True,,Harvia 6KW stove,6 kW,Up to 190°F,"84"" x 73"" x 84""","78"" x 65"" x 78""",Pacific Cedar,477 lbs,,https://inhousewellness.com/products/arosa-4p-barrel-sauna,3,InHouse Wellness | Ampsrus | Golden Designs Direct
kohler-c1-k-38440,Kohler,kohler-c1-k-38440,"Kohler C1 K-38440-0FNC-SPS Two-Person Indoor Sauna, Scandinavian Spruce",17866.67,,Traditional,Indoor,,240V,,,,,,,,4.5 kW,,,,Spruce,,5-year limited warranty,https://inhousewellness.com/products/kohler-c1-k-38440,1,InHouse Wellness
kohler-c1-k-39963-0fnc,Kohler,kohler-c1-k-39963-0fnc,"Kohler C1 Two-Person Indoor Sauna, Graphite Grey",18666.67,,Traditional,Indoor,,240V,30A,NEMA6-30P,,,,,,4.5 kW,,,,Spruce,,5-year limited warranty,https://inhousewellness.com/products/kohler-c1-k-39963-0fnc,1,InHouse Wellness
mw12,Mande Spa,MW12,MW12 ThermoWood® Outdoor Sauna – 2–3 Person,5939.0,6599.0,Traditional,Outdoor,3,,,,,,,,,,,,,,,,https://inhousewellness.com/products/mw12-thermowood-r-outdoor-sauna-2-3-person,1,InHouse Wellness
mw16,Mande Spa,MW16,MW16 ThermoWood® Outdoor Sauna – Spacious 4-Person Retreat,6929.0,7699.0,Traditional,Outdoor,4,,,,,,,,,,,,,,,,https://inhousewellness.com/products/mw16-thermowood,1,InHouse Wellness
mw20,Mande Spa,MW20,MW20 ThermoWood® Outdoor Sauna – Spacious Luxury for 5–6 People,8099.0,8999.0,Traditional,Outdoor,6,,,,,,,,,,,,,,,5-year limited warranty,https://inhousewellness.com/products/mw20-thermowood,1,InHouse Wellness
mx-j206-01,Maxxus,MX-J206-01,"Maxxus Seattle 2-Person Infrared Sauna – Low EMF, Bluetooth Speakers, Red Light Therapy",2299.0,3699.0,Infrared,Indoor,2,120V,15A,Standard 120V outlet,Low,Far Infrared,True,,,,Up to 140°F,,,Canadian Hemlock,275 lbs,,https://inhousewellness.com/products/maxxus-seattle-2-person-sauna,3,InHouse Wellness | Ampsrus | Golden Designs Direct
mx-j206-01-zf,Maxxus,MX-J206-01-ZF,"Maxxus ""Seattle"" 2 Person Near Zero EMF FAR IR Sauna",2699.0,4999.0,Hybrid,Indoor,2,120V/240V,15A,Standard 120V outlet,Near Zero,Far Infrared,True,,,,Up to 140°F,,,Canadian Hemlock,275 lbs,,https://inhousewellness.com/products/maxxus-seattle-sauna,2,InHouse Wellness | Golden Designs Direct
mx-j206-02s,Maxxus,MX-J206-02S,Golden Designs Maxxus “Aspen” MX-J206-02S 2 Person Low EMF Dual Tech FAR Infrared Sauna – Canadian Hemlock,2699.0,4499.0,Hybrid,Indoor,2,120V,15A,Standard 120V outlet,Low,Far Infrared,True,,,,Up to 140°F,,,Canadian Hemlock / Aspen,275 lbs,5-year limited warranty,https://inhousewellness.com/products/maxxus-aspen-sauna,3,InHouse Wellness | Ampsrus | Golden Designs Direct
mx-j306-01,Maxxus,MX-J306-01,"Maxxus ""Bellevue"" 3 Person Low EMF FAR Infrared Sauna",2699.0,3999.0,Infrared,Indoor,3,120V,20A,,Low,Far Infrared,True,,,,Up to 140°F,,,Canadian Hemlock,315 lbs,,https://inhousewellness.com/products/maxxus-bellevue-3-person-infrared-sauna,2,InHouse Wellness | Golden Designs Direct
mx-j306-01-zf,Maxxus,MX-J306-01-ZF,"Maxxus ""Bellevue"" 3-Person Near Zero EMF FAR Infrared Sauna – Canadian Hemlock",2899.0,5999.0,Infrared,Indoor,3,120V,20A,,Near Zero,Far Infrared,True,,,,Up to 140°F,,,Canadian Hemlock,315 lbs,,https://inhousewellness.com/products/maxxus-bellevue-3-person-near-zero-emf-far-infrared-sauna-canadian-hemlock,3,InHouse Wellness | Ampsrus | Golden Designs Direct
mx-j306-02s,Maxxus,MX-J306-02S,"Maxxus ""Alpine"" Dual Tech 3 person Low EMF FAR Infrared Sauna Canadian Hemlock",2999.0,4999.0,Infrared,Indoor,3,120V/240V,20A,,Low,Far Infrared,True,,,,Up to 140°F,,,Canadian Hemlock,300 lbs,,https://inhousewellness.com/products/maxxus-alpine,3,InHouse Wellness | Ampsrus | Golden Designs Direct
mx-k206-01,Maxxus,MX-K206-01,Maxxus Low EMF FAR Infrared Sauna – Canadian Hemlock – 2-Person Capacity,2699.0,4499.0,Hybrid,Indoor,2,120V,15A,Standard 120V outlet,Low,Far Infrared,True,,,,Up to 140°F,,,Canadian Hemlock,250 lbs,,https://inhousewellness.com/products/maxxus-2-person-sauna-hemlock,3,InHouse Wellness | Ampsrus | Golden Designs Direct
mx-k206-01-zf,Maxxus,MX-K206-01-ZF,Maxxus FAR Infrared Sauna Hemlock Wood,3099.0,5499.0,Infrared,Indoor,2,120V,15A,Standard 120V outlet,Near Zero,Far Infrared,True,,,,Up to 140°F,,,Canadian Hemlock,250 lbs,,https://inhousewellness.com/products/maxxus-mx-k206-01-zf,3,InHouse Wellness | Ampsrus | Golden Designs Direct
mx-k306-01,Maxxus,MX-K306-01,"Maxxus Low EMF FAR Infrared Sauna - 3-Person Capacity, Canadian Hemlock",2999.0,4999.0,Infrared,Indoor,3,240V,20A,,Low,Far Infrared,True,,,,Up to 140°F,,,Canadian Hemlock,320 lbs,,https://inhousewellness.com/products/maxxus-3-person-sauna-hemlock,3,InHouse Wellness | Ampsrus | Golden Designs Direct
mx-k306-01-ced,Maxxus,MX-K306-01 CED,Maxxus 3-Person Low EMF FAR Infrared Sauna - Canadian Red Cedar | Maxxus Sauna,4299.0,6499.0,Infrared,Indoor,3,,,,Low,Far Infrared,True,,,,,,,Cedar,,,https://inhousewellness.com/products/maxxus-3-person-infrared-sauna,1,InHouse Wellness
mx-k306-01-ced,Maxxus,MX-K306-01 CED,Maxxus 3-Person Low EMF (Under 8MG) FAR Infrared Sauna,4299.0,6499.0,Infrared,Indoor,3,,,,Low,Far Infrared,,,,,,,,Cedar,,,https://inhousewellness.com/products/maxxus-3-person-low-emf-far-infrared-sauna-canadian-red-cedar,1,InHouse Wellness
mx-k306-01-zf,Maxxus,MX-K306-01-ZF,Maxxus MX-K306-01-ZF HEM Near Zero EMF Far Infrared Sauna 3 Person,3699.0,5999.0,Infrared,Indoor,3,120V,20A,,Near Zero,Far Infrared,True,,,,Up to 140°F,,,Canadian Hemlock,320 lbs,,https://inhousewellness.com/products/maxxus-mx-k306-sauna,3,InHouse Wellness | Ampsrus | Golden Designs Direct
mx-k306-01-zf-ced,Maxxus,MX-K306-01-ZF CED,Maxxus 3-Person Near Zero EMF FAR Infrared Sauna – Canadian Hemlock,4699.0,6999.0,Infrared,Indoor,3,120V/240V,20A,,Near Zero,Far Infrared,True,,,,Up to 140°F,,,Canadian Hemlock / Cedar,310 lbs,,https://inhousewellness.com/products/maxxus-3-person-infrared-sauna-near-zero,2,InHouse Wellness | Golden Designs Direct
mx-k356-01,Maxxus,MX-K356-01,Maxxus Ultra Low EMF (Under 2MG) FAR Infrared Sauna – Canadian Hemlock,3299.0,5499.0,Hybrid,Indoor,3,120V,20A,,Near Zero,Far Infrared,True,,,,Up to 140°F,,,Canadian Hemlock,390 lbs,,https://inhousewellness.com/products/maxxus-3-person-sauna-hemlock-ultralow,2,InHouse Wellness | Golden Designs Direct
mx-k356-01-ced,Maxxus,MX-K356-01 CED,Maxxus 3-Person Corner Low EMF FAR Infrared Sauna – Canadian Hemlock,4499.0,6999.0,Infrared,Indoor,3,120V,20A,,Low,Far Infrared,,,,,,,,Canadian Hemlock / Cedar,,,https://inhousewellness.com/products/maxxus-3-person-sauna-hemlock-1,1,InHouse Wellness
mx-k356-01-ced,Maxxus,MX-K356-01 CED,Maxxus 3-Person Corner Low EMF (Under 2MG) FAR Infrared Sauna,4499.0,6999.0,Hybrid,Indoor,3,,,,Low,Far Infrared,,,,,,,,Cedar,,,https://inhousewellness.com/products/maxxus-3-person-corner-2mg-infrared-sauna,1,InHouse Wellness
mx-k356-01-zf,Maxxus,MX-K356-01-ZF,Maxxus MX-K356-01-ZF HEM 3-Person Corner Near Zero EMF Far Infrared Sauna,3899.0,6499.0,Infrared,Indoor,3,120V/240V,20A,,Near Zero,Far Infrared,True,,,2.2 kW,Up to 140°F,,,Canadian Hemlock,390 lbs,,https://inhousewellness.com/products/maxxus-mx-k356-corner-sauna,3,InHouse Wellness | Ampsrus | Golden Designs Direct
mx-k356-01-zf-ced,Maxxus,MX-K356-01-ZF CED,Maxxus 3-Person Corner Near Zero EMF FAR Infrared Sauna – Canadian Hemlock,4899.0,7999.0,Infrared,Indoor,3,120V,20A,,Near Zero,Far Infrared,True,,,,Up to 140°F,,,Canadian Hemlock / Cedar,370 lbs,5-year limited warranty,https://inhousewellness.com/products/maxxus-3-person-corner-sauna-hemlock,2,InHouse Wellness | Golden Designs Direct
mx-k406-01,Maxxus,MX-K406-01,Maxxus 4-Person Low EMF FAR Infrared Sauna – Canadian Hemlock,3699.0,5999.0,Hybrid,Indoor,4,120V/240V,20A,,Low,Far Infrared,True,,,,Up to 140°F,,,Canadian Hemlock,,,https://inhousewellness.com/products/maxxus-4-person-sauna-hemlock,1,InHouse Wellness
mx-k406-01-ced,Maxxus,MX-K406-01 CED,"Maxxus MX-K406-01 CED 4-Person Low EMF FAR Infrared Sauna, Canadian Red Cedar",4699.0,7999.0,Infrared,Indoor,4,120V/240V,20A,,Low,Far Infrared,True,,,,Up to 140°F,,,Cedar,400 lbs,,https://inhousewellness.com/products/maxxus-4-person-sauna-cedar,3,InHouse Wellness | Ampsrus | Golden Designs Direct
mx-k406-01-zf-ced,Maxxus,MX-K406-01-ZF CED,Maxxus Chaumont Near Zero EMF Infrared Sauna 4-Person,5499.0,8999.0,Infrared,Indoor,4,120V/240V,20A,,Near Zero,Far Infrared,True,,,,Up to 140°F,,,Cedar,390 lbs,,https://inhousewellness.com/products/maxxus-chaumont-edition-far-infrared-sauna-corner-unit-4-person-low-emf-red-cedar,3,InHouse Wellness | Ampsrus | Golden Designs Direct
mx-k406-01-zf-hem,Maxxus,MX-K406-01-ZF HEM,Maxxus MX-K406-01-ZF HEM 4-Person Near Zero EMF FAR IR Sauna 2.1 kW,6999.0,9100.0,Hybrid,Indoor,4,120V,20A,,Near Zero,Far Infrared,True,,,2.1 kW,Up to 140°F,,,Canadian Hemlock,400 lbs,,https://inhousewellness.com/products/maxxus-mx-k406-sauna,3,InHouse Wellness | Ampsrus | Golden Designs Direct
mx-m206-01-fs-ced,Maxxus,MX-M206-01-FS CED,Maxxus 2-Person Full Spectrum Near Zero EMF FAR Infrared Sauna – Canadian Red Cedar,4299.0,6499.0,Infrared,Indoor,2,120V,15A,Standard 120V outlet,Near Zero,Full Spectrum,True,,,,Up to 140°F,,,Cedar,250 lbs,,https://inhousewellness.com/products/maxxus-2-person-sauna-full-spectrum,3,InHouse Wellness | Ampsrus | Golden Designs Direct
mx-m306-01-fs-ced,Maxxus,MX-M306-01-FS CED,Maxxus 3-Person Full Spectrum Near Zero EMF FAR Infrared Sauna – Canadian Red Cedar,4899.0,7999.0,Infrared,Indoor,3,120V,20A,,Near Zero,Full Spectrum,True,,,,Up to 140°F,,,Canadian Hemlock / Cedar,310 lbs,,https://inhousewellness.com/products/maxxus-3-person-sauna-full-spectrum,3,InHouse Wellness | Ampsrus | Golden Designs Direct
mx-m356-01-fs,Maxxus,MX-M356-01-FS,"Maxxus MX-M356-01-FS Full Spectrum FAR Infrared Sauna – 3 Person, Hemlock",5299.0,8499.0,Infrared,Indoor,3,120V,20A,Standard 120V outlet,Low,Full Spectrum,True,,,,Up to 140°F,,,Canadian Hemlock / Cedar,380 lbs,,https://inhousewellness.com/products/maxxus-mx-m356-01-fs-ced,3,InHouse Wellness | Ampsrus | Golden Designs Direct
mx-s106-01,Maxxus,MX-S106-01,Maxxus MX-S106-01 S-Line 1-Person Low EMF FAR Infrared Sauna w/ Red Light & Bluetooth,2299.0,3999.0,Infrared,Indoor,1,120V,15A,Standard 120V outlet,Low,Far Infrared,True,,,,Up to 140°F,,,Canadian Hemlock,250 lbs,,https://inhousewellness.com/products/maxxus-mx-s106-01,3,InHouse Wellness | Ampsrus | Golden Designs Direct
mx-s206-01,Maxxus,MX-S206-01,Maxxus S Line MX-S206-01 2 Person Low EMF Far Infrared Sauna,2899.0,5999.0,Infrared,Indoor,2,120V,15A,Standard 120V outlet,Ultra Low,Far Infrared,True,,,,Up to 140°F,,,Canadian Hemlock,330 lbs,,https://inhousewellness.com/products/maxxus-s-line-mx-s206-01,3,InHouse Wellness | Ampsrus | Golden Designs Direct
mx-s206-01-elite,Maxxus,MX-S206-01-ELITE,Maxxus MX-S206-01 ELITE Ultra Low EMF FAR Infrared Sauna 2 Person,6999.0,9100.0,Infrared,Outdoor,2,120V,15A,Standard 120V outlet,Ultra Low,Far Infrared,True,,,,Up to 140°F,,,Canadian Hemlock,,,https://inhousewellness.com/products/maxxus-s206-elite-sauna,1,InHouse Wellness
mx-s306-01-elite,Maxxus,MX-S306-01-ELITE,Maxxus MX-S306-01 ELITE Ultra Low EMF Far Infrared Sauna (3-Person),7999.0,10400.0,Infrared,Indoor,3,120V/240V,20A,,Ultra Low,Far Infrared,True,,,,Up to 140°F,,,Canadian Hemlock,385 lbs,,https://inhousewellness.com/products/maxxus-sline-elite-sauna,3,InHouse Wellness | Ampsrus | Golden Designs Direct
medical-sauna-traditional5,Medical Saunas,medical-sauna-traditional5,Traditional 5™ 2-Person Sauna - Steam Heat with 3D Therapy™,7799.0,14999.0,Traditional,Indoor,2,220V/240V,30A,,,,,,,,Up to 194°F,,,Canadian Hemlock,,,https://inhousewellness.com/products/medical-sauna-traditional5,1,InHouse Wellness
medical-sauna-traditional6,Medical Saunas,medical-sauna-traditional6,"Traditional 6 Steam Sauna - 3 Person Capacity, Canadian Hemlock, Rapid Heating",8799.0,18999.0,Traditional,Indoor,3,220V/240V,30A,,,,,,,,,,,Canadian Hemlock,,,https://inhousewellness.com/products/medical-sauna-traditional6,1,InHouse Wellness
medical-sauna-traditional7,Medical Saunas,medical-sauna-traditional7,Traditional 7™ Sauna | 4-Person Hemlock Sauna with Rapid Heating,10799.0,22999.0,Traditional,Indoor,4,220V,30A,,,,,,,,Up to 194°F,,,Canadian Hemlock,,,https://inhousewellness.com/products/medical-sauna-traditional7,1,InHouse Wellness
medical-sauna-traditional8,Medical Saunas,medical-sauna-traditional8,Traditional 8 Plus Steam Sauna - 4-6 Person Luxury Hemlock Sauna,13649.0,28999.0,Traditional,Indoor,6,220V/240V,50A,,,,,,,,,,,Canadian Hemlock,,,https://inhousewellness.com/products/medical-sauna-traditional8,1,InHouse Wellness
rip-soi,Ripavi,RIP-SOI,Ripavi Sointu Finnish Outdoor Sauna – Luxury 8-Person Sauna with Shower & Skylight,49900.0,68000.0,Traditional,Outdoor,8,,,,,,,,,,,,,Spruce,,,https://inhousewellness.com/products/ripavi-sointu-traditional-outdoor,1,InHouse Wellness
rip-tau,Ripavi,RIP-TAU,"Ripavi Tauko Premium Finnish Sauna – Traditional Wood-Burning or Electric Heater, Luxurious and Sustainable Design",36900.0,44000.0,Traditional,Outdoor,4,,,,,,,,,,,,,Spruce,,,https://inhousewellness.com/products/ripavi-tauko-finish-sauna,1,InHouse Wellness
sl-cl3g,SaunaLife,SL-CL3G,SaunaLife Model CL3G 2-Person Outdoor Cube Sauna Kit with Glass Front,4940.0,5208.0,Traditional,Outdoor,2,120V,,,,,,,"on/off, temperature, up to 12 hours delayed start, and up to 12-hour timed shut off",4.5 kW,Up to 200°F,,,Thermo-Spruce / Thermo-Aspen,,Limited lifetime warranty,https://inhousewellness.com/products/saunalife-cl3g,2,InHouse Wellness | Solaci Home
sl-modele8g,SaunaLife,SL-MODELE8G,SaunaLife Model E8G Outdoor Barrel Sauna with Glass Front,7940.0,8734.0,Traditional,Outdoor,6,,,,,,,,,,,,,Thermo-Spruce / Thermo-Aspen,,Limited lifetime warranty,https://inhousewellness.com/products/saunalife-e8g,1,InHouse Wellness
sl-modelee6g,SaunaLife,SL-MODELEE6G,SaunaLife Ergo Elegance Outdoor Sauna Barrel with Full Glass Front – Seats 4,6940.0,7634.0,Traditional,Outdoor,,,,,,,,,,,,,,Thermo-Spruce / Thermo-Aspen,,,https://inhousewellness.com/products/saunalife-ee6g,1,InHouse Wellness
sl-modelee8g,SaunaLife,SL-MODELEE8G,"SaunaLife Ergo Elegance Series | Glass Front | 79""L x 91""D | 6-Person Outdoor Sauna",8140.0,8954.0,Traditional,Outdoor,6,,,,,,,,,,,79 in length x 91 in diameter,71 in length x 87 in diameter,Thermo-Aspen,1763 lbs,Limited lifetime warranty,https://inhousewellness.com/products/saunalife-ee8g,1,InHouse Wellness
sl-modelg11,SaunaLife,SL-MODELG11,SaunaLife Model G11 Garden-Series Outdoor Home Sauna – 2-Room Layout for Up to 8 People,16980.0,18678.0,Traditional,Outdoor,8,,,,,Full Spectrum,,,,,,,,Thermo-Spruce / Thermo-Aspen,,,https://inhousewellness.com/products/saunalife-g11,1,InHouse Wellness
sl-modelg3,SaunaLife,SL-MODELG3,SaunaLife Model G3 Outdoor Home Sauna Kit,7940.0,9528.0,Traditional,Outdoor,4,,1.2A,,,,,,,,,,,Thermo-Spruce / Thermo-Aspen,,Limited lifetime warranty,https://inhousewellness.com/products/saunalife-g3,2,InHouse Wellness | Solaci Home
sl-modelg6-l-1,SaunaLife,SL-MODELG6-L-1,SaunaLife Model G6 Pre-Assembled Outdoor Home Sauna – 5 Person,26890.0,29579.0,Traditional,Outdoor,5,,,,,,,,,,,,,Spruce,,,https://inhousewellness.com/products/saunalife-g6,1,InHouse Wellness
bs64-t,Scandia,BS64-T,Scandia Electric Barrel Sauna Kit – Traditional Sauna,9450.0,12285.0,Traditional,Outdoor,6,220V,,NEMA10-30R,,,,,Scandia Electric Barrel Sauna Kit – Traditional Sauna,9.0 kW,Up to 180°F,,,Cedar,,5-year limited warranty,https://inhousewellness.com/products/scandia-electric-barrel-sauna-kit-6x4x6,2,InHouse Wellness | Solaci Home
bs65-t,Scandia,BS65-T,Scandia Electric Barrel Sauna Kit – 4-Person Traditional Sauna for Home,10800.0,14040.0,Hybrid,Outdoor,4,,,,,Full Spectrum,,,Scandia Electric Barrel Sauna Kit – 4-Person Traditional Sauna for Home,,,,,Cedar,,,https://inhousewellness.com/products/scandia-electric-barrel-sauna-kit,1,InHouse Wellness
bs66-t,Scandia,BS66-T,Scandia Electric Barrel Sauna Kit – 4-Person Traditional Sauna for Home,12100.0,15730.0,Traditional,Outdoor,4,,,,,,,,Scandia Electric Barrel Sauna Kit – 4-Person Traditional Sauna for Home,,,,,Cedar,,,https://inhousewellness.com/products/scandia-electric-barrel-sauna-kit-4-person,1,InHouse Wellness
bs67-t,Scandia,BS67-T,Scandia 4-Person Barrel Sauna Kit – Traditional Electric Sauna for Home Wellness & Relaxation,12900.0,16770.0,Traditional,Outdoor,4,,,,,,,,Scandia 4-Person Barrel Sauna Kit – Traditional Electric Sauna for Home Wellness & Rela,,,,,Cedar,,,https://inhousewellness.com/products/scandia-4-person-barrel-sauna-kit,1,InHouse Wellness
bs68-t,Scandia,BS68-T,Scandia Barrel Sauna – 4-Person Traditional Sauna for Home Relaxation & Wellness,13500.0,17550.0,Traditional,Outdoor,4,,,,,Full Spectrum,,,Scandia Barrel Sauna – 4-Person Traditional Sauna for Home Relaxation & Wellness,,,,,Cedar,,,https://inhousewellness.com/products/scandia-barrel-sauna-4-person,1,InHouse Wellness
precut-diy-3x4-ultra,Scandia,PRECUT-DIY-3X4-ULTRA,Scandia Electric DIY PreCut Sauna Room Kit PRECUT-DIY-3X4-ULTRA,9500.0,12350.0,Traditional,Indoor,3,,,,,,,,Scandia Electric DIY PreCut Sauna Room Kit PRECUT-DIY-3X4-ULTRA,,,,,Cedar,,,https://inhousewellness.com/products/pre-cut-hand-finished-sauna-kit-1-3-person,1,InHouse Wellness
precut-diy-4x7-ultra,Scandia,PRECUT-DIY-4X7-ULTRA,Scandia Electric DIY PreCut Sauna Room Kit PRECUT-DIY-4X7-ULTRA,10080.0,13104.0,Traditional,Indoor,8,,,,,,,,Scandia Electric DIY PreCut Sauna Room Kit PRECUT-DIY-4X7-ULTRA,,,,,Cedar,,,https://inhousewellness.com/products/hand-finished-precut-sauna-kit,1,InHouse Wellness
precut-diy-8x9-ultra,Scandia,PRECUT-DIY-8X9-ULTRA,Scandia Electric DIY PreCut Sauna Room Kit PRECUT-DIY-8X9-ULTRA,13800.0,17940.0,Traditional,Indoor,,,,,,,,,Scandia Electric DIY PreCut Sauna Room Kit PRECUT-DIY-8X9-ULTRA,,,,,Cedar,,,https://inhousewellness.com/products/hand-finished-sauna-kit-8-plus-people,1,InHouse Wellness
